[
  {
    "ID Line": 13,
    "Libelle_Line": 1,
    "Libelle_station": "Porte Maillot",
    "Longitude": 2.282583847361549,
    "Latitude": 48.87816265269652,
    "finish": 1,
    "Commune_nom": "Paris 17ème",
    "Commune_code_Insee": 75117
  },
  {
    "ID Line": 13,
    "Libelle_Line": 1,
    "Libelle_station": "Argentine",
    "Longitude": 2.2894354185422134,
    "Latitude": 48.87566737565167,
    "finish": 1,
    "Commune_nom": "Paris 17ème",
    "Commune_code_Insee": 75117
  },
  {
    "ID Line": 13,
    "Libelle_Line": 1,
    "Libelle_station": "Charles de Gaulle - Etoile",
    "Longitude": 2.295811775235762,
    "Latitude": 48.874994575223035,
    "finish": 1,
    "Commune_nom": "Paris 17ème",
    "Commune_code_Insee": 75117
  },
  {
    "ID Line": 13,
    "Libelle_Line": 1,
    "Libelle_station": "George V",
    "Longitude": 2.3007597849789168,
    "Latitude": 48.87203776364103,
    "finish": 1,
    "Commune_nom": "Paris 8ème",
    "Commune_code_Insee": 75108
  },
  {
    "ID Line": 13,
    "Libelle_Line": 1,
    "Libelle_station": "Franklin D. Roosevelt",
    "Longitude": 2.309488192337112,
    "Latitude": 48.868724887050476,
    "finish": 1,
    "Commune_nom": "Paris 8ème",
    "Commune_code_Insee": 75108
  },
  {
    "ID Line": 13,
    "Libelle_Line": 1,
    "Libelle_station": "Champs-Élysées - Clemenceau",
    "Longitude": 2.31446450132278,
    "Latitude": 48.86765629124574,
    "finish": 1,
    "Commune_nom": "Paris 8ème",
    "Commune_code_Insee": 75108
  },
  {
    "ID Line": 13,
    "Libelle_Line": 1,
    "Libelle_station": "Concorde",
    "Longitude": 2.3229614457982586,
    "Latitude": 48.866557992001624,
    "finish": 1,
    "Commune_nom": "Paris 8ème",
    "Commune_code_Insee": 75108
  },
  {
    "ID Line": 13,
    "Libelle_Line": 1,
    "Libelle_station": "Tuileries",
    "Longitude": 2.3296780947116407,
    "Latitude": 48.86447783836653,
    "finish": 1,
    "Commune_nom": "Paris 1er",
    "Commune_code_Insee": 75101
  },
  {
    "ID Line": 13,
    "Libelle_Line": 1,
    "Libelle_station": "Palais Royal - Musée du Louvre",
    "Longitude": 2.3364543677542504,
    "Latitude": 48.86222226462601,
    "finish": 1,
    "Commune_nom": "Paris 1er",
    "Commune_code_Insee": 75101
  },
  {
    "ID Line": 13,
    "Libelle_Line": 1,
    "Libelle_station": "Louvre - Rivoli",
    "Longitude": 2.3409696232852686,
    "Latitude": 48.860871211759445,
    "finish": 1,
    "Commune_nom": "Paris 1er",
    "Commune_code_Insee": 75101
  },
  {
    "ID Line": 13,
    "Libelle_Line": 1,
    "Libelle_station": "Châtelet",
    "Longitude": 2.3481609912345767,
    "Latitude": 48.856953459837165,
    "finish": 1,
    "Commune_nom": "Paris 4ème",
    "Commune_code_Insee": 75104
  },
  {
    "ID Line": 13,
    "Libelle_Line": 1,
    "Libelle_station": "Hôtel de Ville",
    "Longitude": 2.3520676701390992,
    "Latitude": 48.857352404237716,
    "finish": 1,
    "Commune_nom": "Paris 4ème",
    "Commune_code_Insee": 75104
  },
  {
    "ID Line": 13,
    "Libelle_Line": 1,
    "Libelle_station": "Saint-Paul (Le Marais)",
    "Longitude": 2.3608852562751954,
    "Latitude": 48.855187420656264,
    "finish": 1,
    "Commune_nom": "Paris 4ème",
    "Commune_code_Insee": 75104
  },
  {
    "ID Line": 13,
    "Libelle_Line": 1,
    "Libelle_station": "Bastille",
    "Longitude": 2.3687189610340877,
    "Latitude": 48.85205429254951,
    "finish": 1,
    "Commune_nom": "Paris 12ème",
    "Commune_code_Insee": 75112
  },
  {
    "ID Line": 13,
    "Libelle_Line": 1,
    "Libelle_station": "Gare de Lyon",
    "Longitude": 2.373156593789204,
    "Latitude": 48.845683205787566,
    "finish": 1,
    "Commune_nom": "Paris 12ème",
    "Commune_code_Insee": 75112
  },
  {
    "ID Line": 13,
    "Libelle_Line": 1,
    "Libelle_station": "Reuilly - Diderot",
    "Longitude": 2.3872010704093913,
    "Latitude": 48.84721292574974,
    "finish": 1,
    "Commune_nom": "Paris 12ème",
    "Commune_code_Insee": 75112
  },
  {
    "ID Line": 13,
    "Libelle_Line": 1,
    "Libelle_station": "Nation",
    "Longitude": 2.395843988723737,
    "Latitude": 48.84808428902576,
    "finish": 1,
    "Commune_nom": "Paris 12ème",
    "Commune_code_Insee": 75112
  },
  {
    "ID Line": 13,
    "Libelle_Line": 1,
    "Libelle_station": "Porte de Vincennes",
    "Longitude": 2.4108049967014993,
    "Latitude": 48.847007730140405,
    "finish": 1,
    "Commune_nom": "Paris 12ème",
    "Commune_code_Insee": 75112
  },
  {
    "ID Line": 13,
    "Libelle_Line": 1,
    "Libelle_station": "Château de Vincennes",
    "Longitude": 2.4405400954061127,
    "Latitude": 48.844317513365304,
    "finish": 1,
    "Commune_nom": "Paris 12ème",
    "Commune_code_Insee": 75112
  },
  {
    "ID Line": 14,
    "Libelle_Line": 2,
    "Libelle_station": "Porte Dauphine",
    "Longitude": 2.2776327175452704,
    "Latitude": 48.871396794300246,
    "finish": 1,
    "Commune_nom": "Paris 16ème",
    "Commune_code_Insee": 75116
  },
  {
    "ID Line": 14,
    "Libelle_Line": 2,
    "Libelle_station": "Victor Hugo",
    "Longitude": 2.285828765912979,
    "Latitude": 48.86992608146256,
    "finish": 1,
    "Commune_nom": "Paris 16ème",
    "Commune_code_Insee": 75116
  },
  {
    "ID Line": 14,
    "Libelle_Line": 2,
    "Libelle_station": "Charles de Gaulle - Etoile",
    "Longitude": 2.295811775235762,
    "Latitude": 48.874994575223035,
    "finish": 1,
    "Commune_nom": "Paris 17ème",
    "Commune_code_Insee": 75117
  },
  {
    "ID Line": 14,
    "Libelle_Line": 2,
    "Libelle_station": "Ternes",
    "Longitude": 2.298113288617243,
    "Latitude": 48.878227729914364,
    "finish": 1,
    "Commune_nom": "Paris 17ème",
    "Commune_code_Insee": 75117
  },
  {
    "ID Line": 14,
    "Libelle_Line": 2,
    "Libelle_station": "Courcelles",
    "Longitude": 2.303294362425212,
    "Latitude": 48.8792652531651,
    "finish": 1,
    "Commune_nom": "Paris 17ème",
    "Commune_code_Insee": 75117
  },
  {
    "ID Line": 14,
    "Libelle_Line": 2,
    "Libelle_station": "Monceau",
    "Longitude": 2.3094129673747017,
    "Latitude": 48.88056876917883,
    "finish": 1,
    "Commune_nom": "Paris 17ème",
    "Commune_code_Insee": 75117
  },
  {
    "ID Line": 14,
    "Libelle_Line": 2,
    "Libelle_station": "Villiers",
    "Longitude": 2.3158150926463765,
    "Latitude": 48.88107318212763,
    "finish": 1,
    "Commune_nom": "Paris 8ème",
    "Commune_code_Insee": 75108
  },
  {
    "ID Line": 14,
    "Libelle_Line": 2,
    "Libelle_station": "Rome",
    "Longitude": 2.3213591738229717,
    "Latitude": 48.88234581784814,
    "finish": 1,
    "Commune_nom": "Paris 17ème",
    "Commune_code_Insee": 75117
  },
  {
    "ID Line": 14,
    "Libelle_Line": 2,
    "Libelle_station": "Place de Clichy",
    "Longitude": 2.327958328010219,
    "Latitude": 48.88366908732468,
    "finish": 1,
    "Commune_nom": "Paris 18ème",
    "Commune_code_Insee": 75118
  },
  {
    "ID Line": 14,
    "Libelle_Line": 2,
    "Libelle_station": "Blanche",
    "Longitude": 2.332484375434362,
    "Latitude": 48.88376635352917,
    "finish": 1,
    "Commune_nom": "Paris 9ème",
    "Commune_code_Insee": 75109
  },
  {
    "ID Line": 14,
    "Libelle_Line": 2,
    "Libelle_station": "Pigalle",
    "Longitude": 2.3372111647011273,
    "Latitude": 48.882020931119335,
    "finish": 1,
    "Commune_nom": "Paris 9ème",
    "Commune_code_Insee": 75109
  },
  {
    "ID Line": 14,
    "Libelle_Line": 2,
    "Libelle_station": "Anvers",
    "Longitude": 2.3441548403302903,
    "Latitude": 48.88286856789594,
    "finish": 1,
    "Commune_nom": "Paris 9ème",
    "Commune_code_Insee": 75109
  },
  {
    "ID Line": 14,
    "Libelle_Line": 2,
    "Libelle_station": "Barbès - Rochechouart",
    "Longitude": 2.3506070793550973,
    "Latitude": 48.883776088608904,
    "finish": 1,
    "Commune_nom": "Paris 10ème",
    "Commune_code_Insee": 75110
  },
  {
    "ID Line": 14,
    "Libelle_Line": 2,
    "Libelle_station": "La Chapelle",
    "Longitude": 2.360404169274098,
    "Latitude": 48.88438640990481,
    "finish": 1,
    "Commune_nom": "Paris 10ème",
    "Commune_code_Insee": 75110
  },
  {
    "ID Line": 14,
    "Libelle_Line": 2,
    "Libelle_station": "Stalingrad",
    "Longitude": 2.3657743705581686,
    "Latitude": 48.88432054792188,
    "finish": 1,
    "Commune_nom": "Paris 19ème",
    "Commune_code_Insee": 75119
  },
  {
    "ID Line": 14,
    "Libelle_Line": 2,
    "Libelle_station": "Jaurès",
    "Longitude": 2.3714389599856065,
    "Latitude": 48.883023912481356,
    "finish": 1,
    "Commune_nom": "Paris 19ème",
    "Commune_code_Insee": 75119
  },
  {
    "ID Line": 14,
    "Libelle_Line": 2,
    "Libelle_station": "Colonel Fabien",
    "Longitude": 2.3704675747938633,
    "Latitude": 48.87764980757344,
    "finish": 1,
    "Commune_nom": "Paris 10ème",
    "Commune_code_Insee": 75110
  },
  {
    "ID Line": 14,
    "Libelle_Line": 2,
    "Libelle_station": "Belleville",
    "Longitude": 2.3767355865572877,
    "Latitude": 48.872286601164795,
    "finish": 1,
    "Commune_nom": "Paris 19ème",
    "Commune_code_Insee": 75119
  },
  {
    "ID Line": 14,
    "Libelle_Line": 2,
    "Libelle_station": "Couronnes",
    "Longitude": 2.3802889829271927,
    "Latitude": 48.869193344184296,
    "finish": 1,
    "Commune_nom": "Paris 11ème",
    "Commune_code_Insee": 75111
  },
  {
    "ID Line": 14,
    "Libelle_Line": 2,
    "Libelle_station": "Ménilmontant",
    "Longitude": 2.3834303882303036,
    "Latitude": 48.86639013919733,
    "finish": 1,
    "Commune_nom": "Paris 11ème",
    "Commune_code_Insee": 75111
  },
  {
    "ID Line": 14,
    "Libelle_Line": 2,
    "Libelle_station": "Père Lachaise",
    "Longitude": 2.3875798912544446,
    "Latitude": 48.86244984398934,
    "finish": 1,
    "Commune_nom": "Paris 11ème",
    "Commune_code_Insee": 75111
  },
  {
    "ID Line": 14,
    "Libelle_Line": 2,
    "Libelle_station": "Philippe Auguste",
    "Longitude": 2.3904975967452877,
    "Latitude": 48.85808942718759,
    "finish": 1,
    "Commune_nom": "Paris 11ème",
    "Commune_code_Insee": 75111
  },
  {
    "ID Line": 14,
    "Libelle_Line": 2,
    "Libelle_station": "Alexandre Dumas",
    "Longitude": 2.3947127337554774,
    "Latitude": 48.85624467748922,
    "finish": 1,
    "Commune_nom": "Paris 20ème",
    "Commune_code_Insee": 75120
  },
  {
    "ID Line": 14,
    "Libelle_Line": 2,
    "Libelle_station": "Avron",
    "Longitude": 2.398187556659396,
    "Latitude": 48.85164854264895,
    "finish": 1,
    "Commune_nom": "Paris 20ème",
    "Commune_code_Insee": 75120
  },
  {
    "ID Line": 14,
    "Libelle_Line": 2,
    "Libelle_station": "Nation",
    "Longitude": 2.395843988723737,
    "Latitude": 48.84808428902576,
    "finish": 1,
    "Commune_nom": "Paris 12ème",
    "Commune_code_Insee": 75112
  },
  {
    "ID Line": 15,
    "Libelle_Line": 3,
    "Libelle_station": "Porte de Champerret",
    "Longitude": 2.2921124821588443,
    "Latitude": 48.885652392185875,
    "finish": 1,
    "Commune_nom": "Paris 17ème",
    "Commune_code_Insee": 75117
  },
  {
    "ID Line": 15,
    "Libelle_Line": 3,
    "Libelle_station": "Pereire",
    "Longitude": 2.2976831860125824,
    "Latitude": 48.88484432179189,
    "finish": 1,
    "Commune_nom": "Paris 17ème",
    "Commune_code_Insee": 75117
  },
  {
    "ID Line": 15,
    "Libelle_Line": 3,
    "Libelle_station": "Wagram",
    "Longitude": 2.304673087584433,
    "Latitude": 48.88384638977923,
    "finish": 1,
    "Commune_nom": "Paris 17ème",
    "Commune_code_Insee": 75117
  },
  {
    "ID Line": 15,
    "Libelle_Line": 3,
    "Libelle_station": "Malesherbes",
    "Longitude": 2.30948784696001,
    "Latitude": 48.882840021629804,
    "finish": 1,
    "Commune_nom": "Paris 17ème",
    "Commune_code_Insee": 75117
  },
  {
    "ID Line": 15,
    "Libelle_Line": 3,
    "Libelle_station": "Villiers",
    "Longitude": 2.3158150926463765,
    "Latitude": 48.88107318212763,
    "finish": 1,
    "Commune_nom": "Paris 8ème",
    "Commune_code_Insee": 75108
  },
  {
    "ID Line": 15,
    "Libelle_Line": 3,
    "Libelle_station": "Europe",
    "Longitude": 2.3221859195205097,
    "Latitude": 48.878753163096754,
    "finish": 1,
    "Commune_nom": "Paris 8ème",
    "Commune_code_Insee": 75108
  },
  {
    "ID Line": 15,
    "Libelle_Line": 3,
    "Libelle_station": "Saint-Lazare",
    "Longitude": 2.3254883906726116,
    "Latitude": 48.87538131505992,
    "finish": 1,
    "Commune_nom": "Paris 8ème",
    "Commune_code_Insee": 75108
  },
  {
    "ID Line": 15,
    "Libelle_Line": 3,
    "Libelle_station": "Havre-Caumartin",
    "Longitude": 2.327651103418781,
    "Latitude": 48.87366675099707,
    "finish": 1,
    "Commune_nom": "Paris 9ème",
    "Commune_code_Insee": 75109
  },
  {
    "ID Line": 15,
    "Libelle_Line": 3,
    "Libelle_station": "Opéra",
    "Longitude": 2.3310472867112395,
    "Latitude": 48.871437428049184,
    "finish": 1,
    "Commune_nom": "Paris 9ème",
    "Commune_code_Insee": 75109
  },
  {
    "ID Line": 15,
    "Libelle_Line": 3,
    "Libelle_station": "Quatre Septembre",
    "Longitude": 2.3363187355954866,
    "Latitude": 48.86965909643616,
    "finish": 1,
    "Commune_nom": "Paris 2ème",
    "Commune_code_Insee": 75102
  },
  {
    "ID Line": 15,
    "Libelle_Line": 3,
    "Libelle_station": "Bourse",
    "Longitude": 2.3406653707110454,
    "Latitude": 48.868756796707615,
    "finish": 1,
    "Commune_nom": "Paris 2ème",
    "Commune_code_Insee": 75102
  },
  {
    "ID Line": 15,
    "Libelle_Line": 3,
    "Libelle_station": "Sentier",
    "Longitude": 2.347553815937787,
    "Latitude": 48.867346603345666,
    "finish": 1,
    "Commune_nom": "Paris 2ème",
    "Commune_code_Insee": 75102
  },
  {
    "ID Line": 15,
    "Libelle_Line": 3,
    "Libelle_station": "Réaumur - Sébastopol",
    "Longitude": 2.3520507871028347,
    "Latitude": 48.86638175580347,
    "finish": 1,
    "Commune_nom": "Paris 2ème",
    "Commune_code_Insee": 75102
  },
  {
    "ID Line": 15,
    "Libelle_Line": 3,
    "Libelle_station": "Arts et Métiers",
    "Longitude": 2.3565081436435453,
    "Latitude": 48.865299611696805,
    "finish": 1,
    "Commune_nom": "Paris 3ème",
    "Commune_code_Insee": 75103
  },
  {
    "ID Line": 15,
    "Libelle_Line": 3,
    "Libelle_station": "Temple",
    "Longitude": 2.3615612345263557,
    "Latitude": 48.866756628486336,
    "finish": 1,
    "Commune_nom": "Paris 3ème",
    "Commune_code_Insee": 75103
  },
  {
    "ID Line": 15,
    "Libelle_Line": 3,
    "Libelle_station": "République",
    "Longitude": 2.363302340780453,
    "Latitude": 48.86751235686305,
    "finish": 1,
    "Commune_nom": "Paris 3ème",
    "Commune_code_Insee": 75103
  },
  {
    "ID Line": 15,
    "Libelle_Line": 3,
    "Libelle_station": "Parmentier",
    "Longitude": 2.3747477503599037,
    "Latitude": 48.8652523948625,
    "finish": 1,
    "Commune_nom": "Paris 11ème",
    "Commune_code_Insee": 75111
  },
  {
    "ID Line": 15,
    "Libelle_Line": 3,
    "Libelle_station": "Rue Saint-Maur",
    "Longitude": 2.38050775608986,
    "Latitude": 48.86411770001463,
    "finish": 1,
    "Commune_nom": "Paris 11ème",
    "Commune_code_Insee": 75111
  },
  {
    "ID Line": 15,
    "Libelle_Line": 3,
    "Libelle_station": "Père Lachaise",
    "Longitude": 2.3875798912544446,
    "Latitude": 48.86244984398934,
    "finish": 1,
    "Commune_nom": "Paris 11ème",
    "Commune_code_Insee": 75111
  },
  {
    "ID Line": 15,
    "Libelle_Line": 3,
    "Libelle_station": "Gambetta",
    "Longitude": 2.3985373057045716,
    "Latitude": 48.8650325635159,
    "finish": 1,
    "Commune_nom": "Paris 20ème",
    "Commune_code_Insee": 75120
  },
  {
    "ID Line": 15,
    "Libelle_Line": 3,
    "Libelle_station": "Porte de Bagnolet",
    "Longitude": 2.408754221189542,
    "Latitude": 48.86453937198637,
    "finish": 1,
    "Commune_nom": "Paris 20ème",
    "Commune_code_Insee": 75120
  },
  {
    "ID Line": 16,
    "Libelle_Line": "3bis",
    "Libelle_station": "Porte des Lilas",
    "Longitude": 2.4070619733807948,
    "Latitude": 48.876568598079956,
    "finish": 1,
    "Commune_nom": "Paris 20ème",
    "Commune_code_Insee": 75120
  },
  {
    "ID Line": 16,
    "Libelle_Line": "3bis",
    "Libelle_station": "Saint-Fargeau",
    "Longitude": 2.404498183168868,
    "Latitude": 48.87184337127491,
    "finish": 1,
    "Commune_nom": "Paris 20ème",
    "Commune_code_Insee": 75120
  },
  {
    "ID Line": 16,
    "Libelle_Line": "3bis",
    "Libelle_station": "Pelleport",
    "Longitude": 2.4014967922879245,
    "Latitude": 48.86846488606675,
    "finish": 1,
    "Commune_nom": "Paris 20ème",
    "Commune_code_Insee": 75120
  },
  {
    "ID Line": 16,
    "Libelle_Line": "3bis",
    "Libelle_station": "Gambetta",
    "Longitude": 2.3985373057045716,
    "Latitude": 48.8650325635159,
    "finish": 1,
    "Commune_nom": "Paris 20ème",
    "Commune_code_Insee": 75120
  },
  {
    "ID Line": 17,
    "Libelle_Line": 4,
    "Libelle_station": "Porte de Clignancourt",
    "Longitude": 2.3446240991027905,
    "Latitude": 48.897525630330136,
    "finish": 1,
    "Commune_nom": "Paris 18ème",
    "Commune_code_Insee": 75118
  },
  {
    "ID Line": 17,
    "Libelle_Line": 4,
    "Libelle_station": "Simplon",
    "Longitude": 2.347596055351641,
    "Latitude": 48.894124442685495,
    "finish": 1,
    "Commune_nom": "Paris 18ème",
    "Commune_code_Insee": 75118
  },
  {
    "ID Line": 17,
    "Libelle_Line": 4,
    "Libelle_station": "Marcadet - Poissonniers",
    "Longitude": 2.349681541722476,
    "Latitude": 48.89128043889656,
    "finish": 1,
    "Commune_nom": "Paris 18ème",
    "Commune_code_Insee": 75118
  },
  {
    "ID Line": 17,
    "Libelle_Line": 4,
    "Libelle_station": "Château Rouge",
    "Longitude": 2.3493658080048396,
    "Latitude": 48.887078876519546,
    "finish": 1,
    "Commune_nom": "Paris 18ème",
    "Commune_code_Insee": 75118
  },
  {
    "ID Line": 17,
    "Libelle_Line": 4,
    "Libelle_station": "Barbès - Rochechouart",
    "Longitude": 2.3506070793550973,
    "Latitude": 48.883776088608904,
    "finish": 1,
    "Commune_nom": "Paris 10ème",
    "Commune_code_Insee": 75110
  },
  {
    "ID Line": 17,
    "Libelle_Line": 4,
    "Libelle_station": "Gare du Nord",
    "Longitude": 2.356808788205408,
    "Latitude": 48.87959170646212,
    "finish": 1,
    "Commune_nom": "Paris 10ème",
    "Commune_code_Insee": 75110
  },
  {
    "ID Line": 17,
    "Libelle_Line": 4,
    "Libelle_station": "Gare de l'Est",
    "Longitude": 2.358064594418649,
    "Latitude": 48.8761629935184,
    "finish": 1,
    "Commune_nom": "Paris 10ème",
    "Commune_code_Insee": 75110
  },
  {
    "ID Line": 17,
    "Libelle_Line": 4,
    "Libelle_station": "Château d'Eau",
    "Longitude": 2.3560517414015854,
    "Latitude": 48.87244691664745,
    "finish": 1,
    "Commune_nom": "Paris 10ème",
    "Commune_code_Insee": 75110
  },
  {
    "ID Line": 17,
    "Libelle_Line": 4,
    "Libelle_station": "Strasbourg - Saint-Denis",
    "Longitude": 2.354491616563833,
    "Latitude": 48.8696235816895,
    "finish": 1,
    "Commune_nom": "Paris 10ème",
    "Commune_code_Insee": 75110
  },
  {
    "ID Line": 17,
    "Libelle_Line": 4,
    "Libelle_station": "Réaumur - Sébastopol",
    "Longitude": 2.3520507871028347,
    "Latitude": 48.86638175580347,
    "finish": 1,
    "Commune_nom": "Paris 2ème",
    "Commune_code_Insee": 75102
  },
  {
    "ID Line": 17,
    "Libelle_Line": 4,
    "Libelle_station": "Etienne Marcel",
    "Longitude": 2.3489761968791076,
    "Latitude": 48.8637030110762,
    "finish": 1,
    "Commune_nom": "Paris 1er",
    "Commune_code_Insee": 75101
  },
  {
    "ID Line": 17,
    "Libelle_Line": 4,
    "Libelle_station": "Les Halles",
    "Longitude": 2.34612732517368,
    "Latitude": 48.86250483939126,
    "finish": 1,
    "Commune_nom": "Paris 1er",
    "Commune_code_Insee": 75101
  },
  {
    "ID Line": 17,
    "Libelle_Line": 4,
    "Libelle_station": "Châtelet",
    "Longitude": 2.3481609912345767,
    "Latitude": 48.856953459837165,
    "finish": 1,
    "Commune_nom": "Paris 4ème",
    "Commune_code_Insee": 75104
  },
  {
    "ID Line": 17,
    "Libelle_Line": 4,
    "Libelle_station": "Cité",
    "Longitude": 2.3472322349319104,
    "Latitude": 48.85493384815853,
    "finish": 1,
    "Commune_nom": "Paris 4ème",
    "Commune_code_Insee": 75104
  },
  {
    "ID Line": 17,
    "Libelle_Line": 4,
    "Libelle_station": "Saint-Michel",
    "Longitude": 2.343991799033287,
    "Latitude": 48.8535940766199,
    "finish": 1,
    "Commune_nom": "Paris 6ème",
    "Commune_code_Insee": 75106
  },
  {
    "ID Line": 17,
    "Libelle_Line": 4,
    "Libelle_station": "Odéon",
    "Longitude": 2.340692291066523,
    "Latitude": 48.85202455356673,
    "finish": 1,
    "Commune_nom": "Paris 6ème",
    "Commune_code_Insee": 75106
  },
  {
    "ID Line": 17,
    "Libelle_Line": 4,
    "Libelle_station": "Saint-Germain-des-Prés",
    "Longitude": 2.3339478107981932,
    "Latitude": 48.853574562874215,
    "finish": 1,
    "Commune_nom": "Paris 6ème",
    "Commune_code_Insee": 75106
  },
  {
    "ID Line": 17,
    "Libelle_Line": 4,
    "Libelle_station": "Saint-Sulpice",
    "Longitude": 2.3306119530815415,
    "Latitude": 48.8512086266185,
    "finish": 1,
    "Commune_nom": "Paris 6ème",
    "Commune_code_Insee": 75106
  },
  {
    "ID Line": 17,
    "Libelle_Line": 4,
    "Libelle_station": "Saint-Placide",
    "Longitude": 2.327054815066311,
    "Latitude": 48.847006650641134,
    "finish": 1,
    "Commune_nom": "Paris 6ème",
    "Commune_code_Insee": 75106
  },
  {
    "ID Line": 17,
    "Libelle_Line": 4,
    "Libelle_station": "Montparnasse Bienvenue",
    "Longitude": 2.3239891852050025,
    "Latitude": 48.84382361030622,
    "finish": 1,
    "Commune_nom": "Paris 15ème",
    "Commune_code_Insee": 75115
  },
  {
    "ID Line": 17,
    "Libelle_Line": 4,
    "Libelle_station": "Vavin",
    "Longitude": 2.328862854069104,
    "Latitude": 48.842052322344095,
    "finish": 1,
    "Commune_nom": "Paris 14ème",
    "Commune_code_Insee": 75114
  },
  {
    "ID Line": 17,
    "Libelle_Line": 4,
    "Libelle_station": "Raspail",
    "Longitude": 2.3304669937198725,
    "Latitude": 48.83915635857729,
    "finish": 1,
    "Commune_nom": "Paris 14ème",
    "Commune_code_Insee": 75114
  },
  {
    "ID Line": 17,
    "Libelle_Line": 4,
    "Libelle_station": "Denfert-Rochereau",
    "Longitude": 2.3320188352163855,
    "Latitude": 48.833948692743945,
    "finish": 1,
    "Commune_nom": "Paris 14ème",
    "Commune_code_Insee": 75114
  },
  {
    "ID Line": 17,
    "Libelle_Line": 4,
    "Libelle_station": "Mouton-Duvernet",
    "Longitude": 2.32988764040842,
    "Latitude": 48.831337584623185,
    "finish": 1,
    "Commune_nom": "Paris 14ème",
    "Commune_code_Insee": 75114
  },
  {
    "ID Line": 17,
    "Libelle_Line": 4,
    "Libelle_station": "Alésia",
    "Longitude": 2.327093234948452,
    "Latitude": 48.82820106327088,
    "finish": 1,
    "Commune_nom": "Paris 14ème",
    "Commune_code_Insee": 75114
  },
  {
    "ID Line": 17,
    "Libelle_Line": 4,
    "Libelle_station": "Porte d'Orléans",
    "Longitude": 2.3254932653821037,
    "Latitude": 48.82341635019183,
    "finish": 1,
    "Commune_nom": "Paris 14ème",
    "Commune_code_Insee": 75114
  },
  {
    "ID Line": 18,
    "Libelle_Line": 5,
    "Libelle_station": "Porte de Pantin",
    "Longitude": 2.3921229723281474,
    "Latitude": 48.888459210398885,
    "finish": 1,
    "Commune_nom": "Paris 19ème",
    "Commune_code_Insee": 75119
  },
  {
    "ID Line": 18,
    "Libelle_Line": 5,
    "Libelle_station": "Ourcq",
    "Longitude": 2.386652016759883,
    "Latitude": 48.88691595224703,
    "finish": 1,
    "Commune_nom": "Paris 19ème",
    "Commune_code_Insee": 75119
  },
  {
    "ID Line": 18,
    "Libelle_Line": 5,
    "Libelle_station": "Laumière",
    "Longitude": 2.3793909893523915,
    "Latitude": 48.885133847137844,
    "finish": 1,
    "Commune_nom": "Paris 19ème",
    "Commune_code_Insee": 75119
  },
  {
    "ID Line": 18,
    "Libelle_Line": 5,
    "Libelle_station": "Jaurès",
    "Longitude": 2.3714389599856065,
    "Latitude": 48.883023912481356,
    "finish": 1,
    "Commune_nom": "Paris 19ème",
    "Commune_code_Insee": 75119
  },
  {
    "ID Line": 18,
    "Libelle_Line": 5,
    "Libelle_station": "Stalingrad",
    "Longitude": 2.3657743705581686,
    "Latitude": 48.88432054792188,
    "finish": 1,
    "Commune_nom": "Paris 19ème",
    "Commune_code_Insee": 75119
  },
  {
    "ID Line": 18,
    "Libelle_Line": 5,
    "Libelle_station": "Gare du Nord",
    "Longitude": 2.356808788205408,
    "Latitude": 48.87959170646212,
    "finish": 1,
    "Commune_nom": "Paris 10ème",
    "Commune_code_Insee": 75110
  },
  {
    "ID Line": 18,
    "Libelle_Line": 5,
    "Libelle_station": "Gare de l'Est",
    "Longitude": 2.358064594418649,
    "Latitude": 48.8761629935184,
    "finish": 1,
    "Commune_nom": "Paris 10ème",
    "Commune_code_Insee": 75110
  },
  {
    "ID Line": 18,
    "Libelle_Line": 5,
    "Libelle_station": "Jacques Bonsergent",
    "Longitude": 2.361023902048922,
    "Latitude": 48.87062092531723,
    "finish": 1,
    "Commune_nom": "Paris 10ème",
    "Commune_code_Insee": 75110
  },
  {
    "ID Line": 18,
    "Libelle_Line": 5,
    "Libelle_station": "République",
    "Longitude": 2.363302340780453,
    "Latitude": 48.86751235686305,
    "finish": 1,
    "Commune_nom": "Paris 3ème",
    "Commune_code_Insee": 75103
  },
  {
    "ID Line": 18,
    "Libelle_Line": 5,
    "Libelle_station": "Oberkampf",
    "Longitude": 2.3681558453945506,
    "Latitude": 48.86477709757322,
    "finish": 1,
    "Commune_nom": "Paris 11ème",
    "Commune_code_Insee": 75111
  },
  {
    "ID Line": 18,
    "Libelle_Line": 5,
    "Libelle_station": "Richard-Lenoir",
    "Longitude": 2.371813630476951,
    "Latitude": 48.85987693692056,
    "finish": 1,
    "Commune_nom": "Paris 11ème",
    "Commune_code_Insee": 75111
  },
  {
    "ID Line": 18,
    "Libelle_Line": 5,
    "Libelle_station": "Bréguet-Sabin",
    "Longitude": 2.370194668589751,
    "Latitude": 48.85624405373815,
    "finish": 1,
    "Commune_nom": "Paris 11ème",
    "Commune_code_Insee": 75111
  },
  {
    "ID Line": 18,
    "Libelle_Line": 5,
    "Libelle_station": "Bastille",
    "Longitude": 2.3687189610340877,
    "Latitude": 48.85205429254951,
    "finish": 1,
    "Commune_nom": "Paris 12ème",
    "Commune_code_Insee": 75112
  },
  {
    "ID Line": 18,
    "Libelle_Line": 5,
    "Libelle_station": "Quai de la Rapée",
    "Longitude": 2.365884650750405,
    "Latitude": 48.84642732453155,
    "finish": 1,
    "Commune_nom": "Paris 12ème",
    "Commune_code_Insee": 75112
  },
  {
    "ID Line": 18,
    "Libelle_Line": 5,
    "Libelle_station": "Gare d'Austerlitz",
    "Longitude": 2.3641773106918307,
    "Latitude": 48.843405408577155,
    "finish": 1,
    "Commune_nom": "Paris 5ème",
    "Commune_code_Insee": 75105
  },
  {
    "ID Line": 18,
    "Libelle_Line": 5,
    "Libelle_station": "Saint-Marcel",
    "Longitude": 2.360721859717641,
    "Latitude": 48.838512445735624,
    "finish": 1,
    "Commune_nom": "Paris 13ème",
    "Commune_code_Insee": 75113
  },
  {
    "ID Line": 18,
    "Libelle_Line": 5,
    "Libelle_station": "Campo-Formio",
    "Longitude": 2.3587419566993444,
    "Latitude": 48.83554293280104,
    "finish": 1,
    "Commune_nom": "Paris 13ème",
    "Commune_code_Insee": 75113
  },
  {
    "ID Line": 18,
    "Libelle_Line": 5,
    "Libelle_station": "Place d'Italie",
    "Longitude": 2.3555015914814845,
    "Latitude": 48.83096571234431,
    "finish": 1,
    "Commune_nom": "Paris 13ème",
    "Commune_code_Insee": 75113
  },
  {
    "ID Line": 19,
    "Libelle_Line": 6,
    "Libelle_station": "Charles de Gaulle - Etoile",
    "Longitude": 2.295811775235762,
    "Latitude": 48.874994575223035,
    "finish": 1,
    "Commune_nom": "Paris 17ème",
    "Commune_code_Insee": 75117
  },
  {
    "ID Line": 19,
    "Libelle_Line": 6,
    "Libelle_station": "Kléber",
    "Longitude": 2.2931461372486255,
    "Latitude": 48.87148941198696,
    "finish": 1,
    "Commune_nom": "Paris 16ème",
    "Commune_code_Insee": 75116
  },
  {
    "ID Line": 19,
    "Libelle_Line": 6,
    "Libelle_station": "Boissière",
    "Longitude": 2.2900328376074364,
    "Latitude": 48.86684834246921,
    "finish": 1,
    "Commune_nom": "Paris 16ème",
    "Commune_code_Insee": 75116
  },
  {
    "ID Line": 19,
    "Libelle_Line": 6,
    "Libelle_station": "Trocadéro",
    "Longitude": 2.287492796966441,
    "Latitude": 48.86348766407144,
    "finish": 1,
    "Commune_nom": "Paris 16ème",
    "Commune_code_Insee": 75116
  },
  {
    "ID Line": 19,
    "Libelle_Line": 6,
    "Libelle_station": "Passy",
    "Longitude": 2.285839418881461,
    "Latitude": 48.857515088672166,
    "finish": 1,
    "Commune_nom": "Paris 16ème",
    "Commune_code_Insee": 75116
  },
  {
    "ID Line": 19,
    "Libelle_Line": 6,
    "Libelle_station": "Bir-Hakeim",
    "Longitude": 2.289400737634599,
    "Latitude": 48.85392536742779,
    "finish": 1,
    "Commune_nom": "Paris 15ème",
    "Commune_code_Insee": 75115
  },
  {
    "ID Line": 19,
    "Libelle_Line": 6,
    "Libelle_station": "Dupleix",
    "Longitude": 2.293663726731038,
    "Latitude": 48.85041162485849,
    "finish": 1,
    "Commune_nom": "Paris 15ème",
    "Commune_code_Insee": 75115
  },
  {
    "ID Line": 19,
    "Libelle_Line": 6,
    "Libelle_station": "La Motte-Picquet - Grenelle",
    "Longitude": 2.2985257262366354,
    "Latitude": 48.8496308034842,
    "finish": 1,
    "Commune_nom": "Paris 15ème",
    "Commune_code_Insee": 75115
  },
  {
    "ID Line": 19,
    "Libelle_Line": 6,
    "Libelle_station": "Cambronne",
    "Longitude": 2.3029417283376103,
    "Latitude": 48.84754311124529,
    "finish": 1,
    "Commune_nom": "Paris 15ème",
    "Commune_code_Insee": 75115
  },
  {
    "ID Line": 19,
    "Libelle_Line": 6,
    "Libelle_station": "Sèvres-Lecourbe",
    "Longitude": 2.3095296104303924,
    "Latitude": 48.84564768170248,
    "finish": 1,
    "Commune_nom": "Paris 15ème",
    "Commune_code_Insee": 75115
  },
  {
    "ID Line": 19,
    "Libelle_Line": 6,
    "Libelle_station": "Pasteur",
    "Longitude": 2.312914680473939,
    "Latitude": 48.842528386594964,
    "finish": 1,
    "Commune_nom": "Paris 15ème",
    "Commune_code_Insee": 75115
  },
  {
    "ID Line": 19,
    "Libelle_Line": 6,
    "Libelle_station": "Montparnasse Bienvenue",
    "Longitude": 2.3239891852050025,
    "Latitude": 48.84382361030622,
    "finish": 1,
    "Commune_nom": "Paris 15ème",
    "Commune_code_Insee": 75115
  },
  {
    "ID Line": 19,
    "Libelle_Line": 6,
    "Libelle_station": "Edgar Quinet",
    "Longitude": 2.3252865779432956,
    "Latitude": 48.84090350074998,
    "finish": 1,
    "Commune_nom": "Paris 14ème",
    "Commune_code_Insee": 75114
  },
  {
    "ID Line": 19,
    "Libelle_Line": 6,
    "Libelle_station": "Raspail",
    "Longitude": 2.3304669937198725,
    "Latitude": 48.83915635857729,
    "finish": 1,
    "Commune_nom": "Paris 14ème",
    "Commune_code_Insee": 75114
  },
  {
    "ID Line": 19,
    "Libelle_Line": 6,
    "Libelle_station": "Denfert-Rochereau",
    "Longitude": 2.3320188352163855,
    "Latitude": 48.833948692743945,
    "finish": 1,
    "Commune_nom": "Paris 14ème",
    "Commune_code_Insee": 75114
  },
  {
    "ID Line": 19,
    "Libelle_Line": 6,
    "Libelle_station": "Saint-Jacques",
    "Longitude": 2.3371543709250067,
    "Latitude": 48.83291600527084,
    "finish": 1,
    "Commune_nom": "Paris 14ème",
    "Commune_code_Insee": 75114
  },
  {
    "ID Line": 19,
    "Libelle_Line": 6,
    "Libelle_station": "Glacière",
    "Longitude": 2.343438236678703,
    "Latitude": 48.831115946668106,
    "finish": 1,
    "Commune_nom": "Paris 13ème",
    "Commune_code_Insee": 75113
  },
  {
    "ID Line": 19,
    "Libelle_Line": 6,
    "Libelle_station": "Corvisart",
    "Longitude": 2.350611225926165,
    "Latitude": 48.82986001236403,
    "finish": 1,
    "Commune_nom": "Paris 13ème",
    "Commune_code_Insee": 75113
  },
  {
    "ID Line": 19,
    "Libelle_Line": 6,
    "Libelle_station": "Place d'Italie",
    "Longitude": 2.3555015914814845,
    "Latitude": 48.83096571234431,
    "finish": 1,
    "Commune_nom": "Paris 13ème",
    "Commune_code_Insee": 75113
  },
  {
    "ID Line": 19,
    "Libelle_Line": 6,
    "Libelle_station": "Nationale",
    "Longitude": 2.362804171593507,
    "Latitude": 48.83323527872786,
    "finish": 1,
    "Commune_nom": "Paris 13ème",
    "Commune_code_Insee": 75113
  },
  {
    "ID Line": 19,
    "Libelle_Line": 6,
    "Libelle_station": "Chevaleret",
    "Longitude": 2.3680812829727422,
    "Latitude": 48.834963081160865,
    "finish": 1,
    "Commune_nom": "Paris 13ème",
    "Commune_code_Insee": 75113
  },
  {
    "ID Line": 19,
    "Libelle_Line": 6,
    "Libelle_station": "Quai de la Gare",
    "Longitude": 2.372766248948171,
    "Latitude": 48.8370742696613,
    "finish": 1,
    "Commune_nom": "Paris 13ème",
    "Commune_code_Insee": 75113
  },
  {
    "ID Line": 19,
    "Libelle_Line": 6,
    "Libelle_station": "Bercy",
    "Longitude": 2.379463070185256,
    "Latitude": 48.84017602717362,
    "finish": 1,
    "Commune_nom": "Paris 12ème",
    "Commune_code_Insee": 75112
  },
  {
    "ID Line": 19,
    "Libelle_Line": 6,
    "Libelle_station": "Dugommier",
    "Longitude": 2.3895997700798093,
    "Latitude": 48.83903652738059,
    "finish": 1,
    "Commune_nom": "Paris 12ème",
    "Commune_code_Insee": 75112
  },
  {
    "ID Line": 19,
    "Libelle_Line": 6,
    "Libelle_station": "Daumesnil",
    "Longitude": 2.3961486284893696,
    "Latitude": 48.83943400710489,
    "finish": 1,
    "Commune_nom": "Paris 12ème",
    "Commune_code_Insee": 75112
  },
  {
    "ID Line": 19,
    "Libelle_Line": 6,
    "Libelle_station": "Bel-Air",
    "Longitude": 2.400867131995258,
    "Latitude": 48.84142733128531,
    "finish": 1,
    "Commune_nom": "Paris 12ème",
    "Commune_code_Insee": 75112
  },
  {
    "ID Line": 19,
    "Libelle_Line": 6,
    "Libelle_station": "Picpus",
    "Longitude": 2.4012745388223737,
    "Latitude": 48.8451032465536,
    "finish": 1,
    "Commune_nom": "Paris 12ème",
    "Commune_code_Insee": 75112
  },
  {
    "ID Line": 19,
    "Libelle_Line": 6,
    "Libelle_station": "Nation",
    "Longitude": 2.395843988723737,
    "Latitude": 48.84808428902576,
    "finish": 1,
    "Commune_nom": "Paris 12ème",
    "Commune_code_Insee": 75112
  },
  {
    "ID Line": 20,
    "Libelle_Line": 7,
    "Libelle_station": "Porte de la Villette",
    "Longitude": 2.3858690331433445,
    "Latitude": 48.897802691407826,
    "finish": 1,
    "Commune_nom": "Paris 19ème",
    "Commune_code_Insee": 75119
  },
  {
    "ID Line": 20,
    "Libelle_Line": 7,
    "Libelle_station": "Corentin Cariou",
    "Longitude": 2.3822915571646326,
    "Latitude": 48.89467265910835,
    "finish": 1,
    "Commune_nom": "Paris 19ème",
    "Commune_code_Insee": 75119
  },
  {
    "ID Line": 20,
    "Libelle_Line": 7,
    "Libelle_station": "Crimée",
    "Longitude": 2.376935736982379,
    "Latitude": 48.89088575798087,
    "finish": 1,
    "Commune_nom": "Paris 19ème",
    "Commune_code_Insee": 75119
  },
  {
    "ID Line": 20,
    "Libelle_Line": 7,
    "Libelle_station": "Riquet",
    "Longitude": 2.3736694647431955,
    "Latitude": 48.88815726111783,
    "finish": 1,
    "Commune_nom": "Paris 19ème",
    "Commune_code_Insee": 75119
  },
  {
    "ID Line": 20,
    "Libelle_Line": 7,
    "Libelle_station": "Stalingrad",
    "Longitude": 2.3657743705581686,
    "Latitude": 48.88432054792188,
    "finish": 1,
    "Commune_nom": "Paris 19ème",
    "Commune_code_Insee": 75119
  },
  {
    "ID Line": 20,
    "Libelle_Line": 7,
    "Libelle_station": "Louis Blanc",
    "Longitude": 2.364424862493677,
    "Latitude": 48.88120621087799,
    "finish": 1,
    "Commune_nom": "Paris 10ème",
    "Commune_code_Insee": 75110
  },
  {
    "ID Line": 20,
    "Libelle_Line": 7,
    "Libelle_station": "Château Landon",
    "Longitude": 2.362017935510607,
    "Latitude": 48.87844145478439,
    "finish": 1,
    "Commune_nom": "Paris 10ème",
    "Commune_code_Insee": 75110
  },
  {
    "ID Line": 20,
    "Libelle_Line": 7,
    "Libelle_station": "Gare de l'Est",
    "Longitude": 2.358064594418649,
    "Latitude": 48.8761629935184,
    "finish": 1,
    "Commune_nom": "Paris 10ème",
    "Commune_code_Insee": 75110
  },
  {
    "ID Line": 20,
    "Libelle_Line": 7,
    "Libelle_station": "Poissonnière",
    "Longitude": 2.3487397513900725,
    "Latitude": 48.87716484830221,
    "finish": 1,
    "Commune_nom": "Paris 9ème",
    "Commune_code_Insee": 75109
  },
  {
    "ID Line": 20,
    "Libelle_Line": 7,
    "Libelle_station": "Cadet",
    "Longitude": 2.344446309702273,
    "Latitude": 48.87596328412753,
    "finish": 1,
    "Commune_nom": "Paris 9ème",
    "Commune_code_Insee": 75109
  },
  {
    "ID Line": 20,
    "Libelle_Line": 7,
    "Libelle_station": "Le Peletier",
    "Longitude": 2.340150559706373,
    "Latitude": 48.87495940509292,
    "finish": 1,
    "Commune_nom": "Paris 9ème",
    "Commune_code_Insee": 75109
  },
  {
    "ID Line": 20,
    "Libelle_Line": 7,
    "Libelle_station": "Chaussée d'Antin - La Fayette",
    "Longitude": 2.333738594408701,
    "Latitude": 48.873134204826634,
    "finish": 1,
    "Commune_nom": "Paris 9ème",
    "Commune_code_Insee": 75109
  },
  {
    "ID Line": 20,
    "Libelle_Line": 7,
    "Libelle_station": "Opéra",
    "Longitude": 2.3310472867112395,
    "Latitude": 48.871437428049184,
    "finish": 1,
    "Commune_nom": "Paris 9ème",
    "Commune_code_Insee": 75109
  },
  {
    "ID Line": 20,
    "Libelle_Line": 7,
    "Libelle_station": "Pyramides",
    "Longitude": 2.3346236060049224,
    "Latitude": 48.86575552642865,
    "finish": 1,
    "Commune_nom": "Paris 1er",
    "Commune_code_Insee": 75101
  },
  {
    "ID Line": 20,
    "Libelle_Line": 7,
    "Libelle_station": "Palais Royal - Musée du Louvre",
    "Longitude": 2.3364543677542504,
    "Latitude": 48.86222226462601,
    "finish": 1,
    "Commune_nom": "Paris 1er",
    "Commune_code_Insee": 75101
  },
  {
    "ID Line": 20,
    "Libelle_Line": 7,
    "Libelle_station": "Pont Neuf",
    "Longitude": 2.341776749148541,
    "Latitude": 48.858546338320174,
    "finish": 1,
    "Commune_nom": "Paris 1er",
    "Commune_code_Insee": 75101
  },
  {
    "ID Line": 20,
    "Libelle_Line": 7,
    "Libelle_station": "Châtelet",
    "Longitude": 2.3481609912345767,
    "Latitude": 48.856953459837165,
    "finish": 1,
    "Commune_nom": "Paris 4ème",
    "Commune_code_Insee": 75104
  },
  {
    "ID Line": 20,
    "Libelle_Line": 7,
    "Libelle_station": "Pont Marie (Cité des Arts)",
    "Longitude": 2.3573766690444025,
    "Latitude": 48.8534598594796,
    "finish": 1,
    "Commune_nom": "Paris 4ème",
    "Commune_code_Insee": 75104
  },
  {
    "ID Line": 20,
    "Libelle_Line": 7,
    "Libelle_station": "Sully - Morland",
    "Longitude": 2.3618531696972473,
    "Latitude": 48.85127140744555,
    "finish": 1,
    "Commune_nom": "Paris 4ème",
    "Commune_code_Insee": 75104
  },
  {
    "ID Line": 20,
    "Libelle_Line": 7,
    "Libelle_station": "Jussieu",
    "Longitude": 2.3549316718232247,
    "Latitude": 48.846197890688764,
    "finish": 1,
    "Commune_nom": "Paris 5ème",
    "Commune_code_Insee": 75105
  },
  {
    "ID Line": 20,
    "Libelle_Line": 7,
    "Libelle_station": "Place Monge",
    "Longitude": 2.3521548685787703,
    "Latitude": 48.842666384694624,
    "finish": 1,
    "Commune_nom": "Paris 5ème",
    "Commune_code_Insee": 75105
  },
  {
    "ID Line": 20,
    "Libelle_Line": 7,
    "Libelle_station": "Censier - Daubenton",
    "Longitude": 2.3516265726054986,
    "Latitude": 48.84022624756566,
    "finish": 1,
    "Commune_nom": "Paris 5ème",
    "Commune_code_Insee": 75105
  },
  {
    "ID Line": 20,
    "Libelle_Line": 7,
    "Libelle_station": "Les Gobelins",
    "Longitude": 2.3524168018982743,
    "Latitude": 48.835841621396156,
    "finish": 1,
    "Commune_nom": "Paris 13ème",
    "Commune_code_Insee": 75113
  },
  {
    "ID Line": 20,
    "Libelle_Line": 7,
    "Libelle_station": "Place d'Italie",
    "Longitude": 2.3555015914814845,
    "Latitude": 48.83096571234431,
    "finish": 1,
    "Commune_nom": "Paris 13ème",
    "Commune_code_Insee": 75113
  },
  {
    "ID Line": 20,
    "Libelle_Line": 7,
    "Libelle_station": "Tolbiac",
    "Longitude": 2.357318439213191,
    "Latitude": 48.826136860805335,
    "finish": 1,
    "Commune_nom": "Paris 13ème",
    "Commune_code_Insee": 75113
  },
  {
    "ID Line": 20,
    "Libelle_Line": 7,
    "Libelle_station": "Maison Blanche",
    "Longitude": 2.3584129461559384,
    "Latitude": 48.82214950512655,
    "finish": 1,
    "Commune_nom": "Paris 13ème",
    "Commune_code_Insee": 75113
  },
  {
    "ID Line": 20,
    "Libelle_Line": 7,
    "Libelle_station": "Porte d'Italie",
    "Longitude": 2.3595297331071685,
    "Latitude": 48.819106595610265,
    "finish": 1,
    "Commune_nom": "Paris 13ème",
    "Commune_code_Insee": 75113
  },
  {
    "ID Line": 20,
    "Libelle_Line": 7,
    "Libelle_station": "Porte de Choisy",
    "Longitude": 2.3646785940494577,
    "Latitude": 48.820055928199736,
    "finish": 1,
    "Commune_nom": "Paris 13ème",
    "Commune_code_Insee": 75113
  },
  {
    "ID Line": 20,
    "Libelle_Line": 7,
    "Libelle_station": "Porte d'Ivry",
    "Longitude": 2.3695112543194923,
    "Latitude": 48.82148903461442,
    "finish": 1,
    "Commune_nom": "Paris 13ème",
    "Commune_code_Insee": 75113
  },
  {
    "ID Line": 21,
    "Libelle_Line": 7,
    "Libelle_station": "Maison Blanche",
    "Longitude": 2.3584129461559384,
    "Latitude": 48.82214950512655,
    "finish": 1,
    "Commune_nom": "Paris 13ème",
    "Commune_code_Insee": 75113
  },
  {
    "ID Line": 22,
    "Libelle_Line": "7bis",
    "Libelle_station": "Louis Blanc",
    "Longitude": 2.364424862493677,
    "Latitude": 48.88120621087799,
    "finish": 1,
    "Commune_nom": "Paris 10ème",
    "Commune_code_Insee": 75110
  },
  {
    "ID Line": 22,
    "Libelle_Line": "7bis",
    "Libelle_station": "Jaurès",
    "Longitude": 2.3714389599856065,
    "Latitude": 48.883023912481356,
    "finish": 1,
    "Commune_nom": "Paris 19ème",
    "Commune_code_Insee": 75119
  },
  {
    "ID Line": 22,
    "Libelle_Line": "7bis",
    "Libelle_station": "Bolivar",
    "Longitude": 2.374124871187541,
    "Latitude": 48.880789662027055,
    "finish": 1,
    "Commune_nom": "Paris 19ème",
    "Commune_code_Insee": 75119
  },
  {
    "ID Line": 22,
    "Libelle_Line": "7bis",
    "Libelle_station": "Buttes Chaumont",
    "Longitude": 2.381569842088007,
    "Latitude": 48.87849908745056,
    "finish": 1,
    "Commune_nom": "Paris 19ème",
    "Commune_code_Insee": 75119
  },
  {
    "ID Line": 22,
    "Libelle_Line": "7bis",
    "Libelle_station": "Botzaris",
    "Longitude": 2.388900951315738,
    "Latitude": 48.87953499032036,
    "finish": 1,
    "Commune_nom": "Paris 19ème",
    "Commune_code_Insee": 75119
  },
  {
    "ID Line": 22,
    "Libelle_Line": "7bis",
    "Libelle_station": "Place des Fêtes",
    "Longitude": 2.3931393703604957,
    "Latitude": 48.876723661025224,
    "finish": 1,
    "Commune_nom": "Paris 19ème",
    "Commune_code_Insee": 75119
  },
  {
    "ID Line": 22,
    "Libelle_Line": "7bis",
    "Libelle_station": "Pré-Saint-Gervais",
    "Longitude": 2.398580770693527,
    "Latitude": 48.88015957971629,
    "finish": 1,
    "Commune_nom": "Paris 19ème",
    "Commune_code_Insee": 75119
  },
  {
    "ID Line": 22,
    "Libelle_Line": "7bis",
    "Libelle_station": "Danube",
    "Longitude": 2.393228471227491,
    "Latitude": 48.88194921397263,
    "finish": 1,
    "Commune_nom": "Paris 19ème",
    "Commune_code_Insee": 75119
  },
  {
    "ID Line": 22,
    "Libelle_Line": "7bis",
    "Libelle_station": "Botzaris",
    "Longitude": 2.388900951315738,
    "Latitude": 48.87953499032036,
    "finish": 1,
    "Commune_nom": "Paris 19ème",
    "Commune_code_Insee": 75119
  },
  {
    "ID Line": 23,
    "Libelle_Line": 8,
    "Libelle_station": "Balard",
    "Longitude": 2.2783626618091994,
    "Latitude": 48.836667893882776,
    "finish": 1,
    "Commune_nom": "Paris 15ème",
    "Commune_code_Insee": 75115
  },
  {
    "ID Line": 23,
    "Libelle_Line": 8,
    "Libelle_station": "Lourmel",
    "Longitude": 2.2822419598550754,
    "Latitude": 48.83866086271165,
    "finish": 1,
    "Commune_nom": "Paris 15ème",
    "Commune_code_Insee": 75115
  },
  {
    "ID Line": 23,
    "Libelle_Line": 8,
    "Libelle_station": "Boucicaut",
    "Longitude": 2.287918431124558,
    "Latitude": 48.84102416004495,
    "finish": 1,
    "Commune_nom": "Paris 15ème",
    "Commune_code_Insee": 75115
  },
  {
    "ID Line": 23,
    "Libelle_Line": 8,
    "Libelle_station": "Félix Faure",
    "Longitude": 2.2918472203679694,
    "Latitude": 48.84268433384837,
    "finish": 1,
    "Commune_nom": "Paris 15ème",
    "Commune_code_Insee": 75115
  },
  {
    "ID Line": 23,
    "Libelle_Line": 8,
    "Libelle_station": "Commerce",
    "Longitude": 2.2937968421928625,
    "Latitude": 48.84461151142022,
    "finish": 1,
    "Commune_nom": "Paris 15ème",
    "Commune_code_Insee": 75115
  },
  {
    "ID Line": 23,
    "Libelle_Line": 8,
    "Libelle_station": "La Motte-Picquet - Grenelle",
    "Longitude": 2.2985257262366354,
    "Latitude": 48.8496308034842,
    "finish": 1,
    "Commune_nom": "Paris 15ème",
    "Commune_code_Insee": 75115
  },
  {
    "ID Line": 23,
    "Libelle_Line": 8,
    "Libelle_station": "École Militaire",
    "Longitude": 2.3063456838200755,
    "Latitude": 48.854919659638895,
    "finish": 1,
    "Commune_nom": "Paris 7ème",
    "Commune_code_Insee": 75107
  },
  {
    "ID Line": 23,
    "Libelle_Line": 8,
    "Libelle_station": "La Tour-Maubourg",
    "Longitude": 2.3104735359369832,
    "Latitude": 48.85772702258638,
    "finish": 1,
    "Commune_nom": "Paris 7ème",
    "Commune_code_Insee": 75107
  },
  {
    "ID Line": 23,
    "Libelle_Line": 8,
    "Libelle_station": "Invalides",
    "Longitude": 2.314632660444516,
    "Latitude": 48.86109201043299,
    "finish": 1,
    "Commune_nom": "Paris 7ème",
    "Commune_code_Insee": 75107
  },
  {
    "ID Line": 23,
    "Libelle_Line": 8,
    "Libelle_station": "Concorde",
    "Longitude": 2.3229614457982586,
    "Latitude": 48.866557992001624,
    "finish": 1,
    "Commune_nom": "Paris 8ème",
    "Commune_code_Insee": 75108
  },
  {
    "ID Line": 23,
    "Libelle_Line": 8,
    "Libelle_station": "Madeleine",
    "Longitude": 2.3258100487932767,
    "Latitude": 48.87054467576818,
    "finish": 1,
    "Commune_nom": "Paris 8ème",
    "Commune_code_Insee": 75108
  },
  {
    "ID Line": 23,
    "Libelle_Line": 8,
    "Libelle_station": "Opéra",
    "Longitude": 2.3310472867112395,
    "Latitude": 48.871437428049184,
    "finish": 1,
    "Commune_nom": "Paris 9ème",
    "Commune_code_Insee": 75109
  },
  {
    "ID Line": 23,
    "Libelle_Line": 8,
    "Libelle_station": "Richelieu - Drouot",
    "Longitude": 2.33859122153854,
    "Latitude": 48.872135869369885,
    "finish": 1,
    "Commune_nom": "Paris 9ème",
    "Commune_code_Insee": 75109
  },
  {
    "ID Line": 23,
    "Libelle_Line": 8,
    "Libelle_station": "Grands Boulevards",
    "Longitude": 2.343207266405089,
    "Latitude": 48.87150476881465,
    "finish": 1,
    "Commune_nom": "Paris 9ème",
    "Commune_code_Insee": 75109
  },
  {
    "ID Line": 23,
    "Libelle_Line": 8,
    "Libelle_station": "Bonne Nouvelle",
    "Longitude": 2.3484813657183894,
    "Latitude": 48.870571298554935,
    "finish": 1,
    "Commune_nom": "Paris 2ème",
    "Commune_code_Insee": 75102
  },
  {
    "ID Line": 23,
    "Libelle_Line": 8,
    "Libelle_station": "Strasbourg - Saint-Denis",
    "Longitude": 2.354491616563833,
    "Latitude": 48.8696235816895,
    "finish": 1,
    "Commune_nom": "Paris 10ème",
    "Commune_code_Insee": 75110
  },
  {
    "ID Line": 23,
    "Libelle_Line": 8,
    "Libelle_station": "République",
    "Longitude": 2.363302340780453,
    "Latitude": 48.86751235686305,
    "finish": 1,
    "Commune_nom": "Paris 3ème",
    "Commune_code_Insee": 75103
  },
  {
    "ID Line": 23,
    "Libelle_Line": 8,
    "Libelle_station": "Filles du Calvaire",
    "Longitude": 2.3667452977427006,
    "Latitude": 48.86306988250257,
    "finish": 1,
    "Commune_nom": "Paris 11ème",
    "Commune_code_Insee": 75111
  },
  {
    "ID Line": 23,
    "Libelle_Line": 8,
    "Libelle_station": "Saint-Sébastien - Froissart",
    "Longitude": 2.3672615397172683,
    "Latitude": 48.860968144808254,
    "finish": 1,
    "Commune_nom": "Paris 11ème",
    "Commune_code_Insee": 75111
  },
  {
    "ID Line": 23,
    "Libelle_Line": 8,
    "Libelle_station": "Chemin Vert",
    "Longitude": 2.36809508538599,
    "Latitude": 48.85708736687211,
    "finish": 1,
    "Commune_nom": "Paris 3ème",
    "Commune_code_Insee": 75103
  },
  {
    "ID Line": 23,
    "Libelle_Line": 8,
    "Libelle_station": "Bastille",
    "Longitude": 2.3687189610340877,
    "Latitude": 48.85205429254951,
    "finish": 1,
    "Commune_nom": "Paris 12ème",
    "Commune_code_Insee": 75112
  },
  {
    "ID Line": 23,
    "Libelle_Line": 8,
    "Libelle_station": "Ledru-Rollin",
    "Longitude": 2.3761412233185912,
    "Latitude": 48.851337765850175,
    "finish": 1,
    "Commune_nom": "Paris 11ème",
    "Commune_code_Insee": 75111
  },
  {
    "ID Line": 23,
    "Libelle_Line": 8,
    "Libelle_station": "Faidherbe - Chaligny",
    "Longitude": 2.3840285663831065,
    "Latitude": 48.85011054318548,
    "finish": 1,
    "Commune_nom": "Paris 12ème",
    "Commune_code_Insee": 75112
  },
  {
    "ID Line": 23,
    "Libelle_Line": 8,
    "Libelle_station": "Reuilly - Diderot",
    "Longitude": 2.3872010704093913,
    "Latitude": 48.84721292574974,
    "finish": 1,
    "Commune_nom": "Paris 12ème",
    "Commune_code_Insee": 75112
  },
  {
    "ID Line": 23,
    "Libelle_Line": 8,
    "Libelle_station": "Montgallet",
    "Longitude": 2.3904000136353636,
    "Latitude": 48.84400507476069,
    "finish": 1,
    "Commune_nom": "Paris 12ème",
    "Commune_code_Insee": 75112
  },
  {
    "ID Line": 23,
    "Libelle_Line": 8,
    "Libelle_station": "Daumesnil",
    "Longitude": 2.3961486284893696,
    "Latitude": 48.83943400710489,
    "finish": 1,
    "Commune_nom": "Paris 12ème",
    "Commune_code_Insee": 75112
  },
  {
    "ID Line": 23,
    "Libelle_Line": 8,
    "Libelle_station": "Michel Bizot",
    "Longitude": 2.4023667399880027,
    "Latitude": 48.83707743008748,
    "finish": 1,
    "Commune_nom": "Paris 12ème",
    "Commune_code_Insee": 75112
  },
  {
    "ID Line": 23,
    "Libelle_Line": 8,
    "Libelle_station": "Porte Dorée",
    "Longitude": 2.405873912987563,
    "Latitude": 48.83501737314559,
    "finish": 1,
    "Commune_nom": "Paris 12ème",
    "Commune_code_Insee": 75112
  },
  {
    "ID Line": 23,
    "Libelle_Line": 8,
    "Libelle_station": "Porte de Charenton",
    "Longitude": 2.4025118728500727,
    "Latitude": 48.83344922193115,
    "finish": 1,
    "Commune_nom": "Paris 12ème",
    "Commune_code_Insee": 75112
  },
  {
    "ID Line": 24,
    "Libelle_Line": 9,
    "Libelle_station": "Porte de Saint-Cloud",
    "Longitude": 2.2570461929221497,
    "Latitude": 48.8379584046712,
    "finish": 1,
    "Commune_nom": "Paris 16ème",
    "Commune_code_Insee": 75116
  },
  {
    "ID Line": 24,
    "Libelle_Line": 9,
    "Libelle_station": "Exelmans",
    "Longitude": 2.259800845144345,
    "Latitude": 48.84258027532826,
    "finish": 1,
    "Commune_nom": "Paris 16ème",
    "Commune_code_Insee": 75116
  },
  {
    "ID Line": 24,
    "Libelle_Line": 9,
    "Libelle_station": "Michel-Ange - Molitor",
    "Longitude": 2.2615119169052043,
    "Latitude": 48.84491122661504,
    "finish": 1,
    "Commune_nom": "Paris 16ème",
    "Commune_code_Insee": 75116
  },
  {
    "ID Line": 24,
    "Libelle_Line": 9,
    "Libelle_station": "Michel-Ange - Auteuil",
    "Longitude": 2.2639895253333284,
    "Latitude": 48.84797535322806,
    "finish": 1,
    "Commune_nom": "Paris 16ème",
    "Commune_code_Insee": 75116
  },
  {
    "ID Line": 24,
    "Libelle_Line": 9,
    "Libelle_station": "Jasmin",
    "Longitude": 2.2679332916470663,
    "Latitude": 48.852433417777384,
    "finish": 1,
    "Commune_nom": "Paris 16ème",
    "Commune_code_Insee": 75116
  },
  {
    "ID Line": 24,
    "Libelle_Line": 9,
    "Libelle_station": "Ranelagh",
    "Longitude": 2.2699481579346337,
    "Latitude": 48.855503557447456,
    "finish": 1,
    "Commune_nom": "Paris 16ème",
    "Commune_code_Insee": 75116
  },
  {
    "ID Line": 24,
    "Libelle_Line": 9,
    "Libelle_station": "La Muette",
    "Longitude": 2.2740962446697215,
    "Latitude": 48.85809196595048,
    "finish": 1,
    "Commune_nom": "Paris 16ème",
    "Commune_code_Insee": 75116
  },
  {
    "ID Line": 24,
    "Libelle_Line": 9,
    "Libelle_station": "Rue de la Pompe",
    "Longitude": 2.277885897959056,
    "Latitude": 48.86395170793181,
    "finish": 1,
    "Commune_nom": "Paris 16ème",
    "Commune_code_Insee": 75116
  },
  {
    "ID Line": 24,
    "Libelle_Line": 9,
    "Libelle_station": "Trocadéro",
    "Longitude": 2.287492796966441,
    "Latitude": 48.86348766407144,
    "finish": 1,
    "Commune_nom": "Paris 16ème",
    "Commune_code_Insee": 75116
  },
  {
    "ID Line": 24,
    "Libelle_Line": 9,
    "Libelle_station": "Iéna",
    "Longitude": 2.2938642256822703,
    "Latitude": 48.86478002130934,
    "finish": 1,
    "Commune_nom": "Paris 16ème",
    "Commune_code_Insee": 75116
  },
  {
    "ID Line": 24,
    "Libelle_Line": 9,
    "Libelle_station": "Alma - Marceau",
    "Longitude": 2.3011043523926697,
    "Latitude": 48.86464714695772,
    "finish": 1,
    "Commune_nom": "Paris 16ème",
    "Commune_code_Insee": 75116
  },
  {
    "ID Line": 24,
    "Libelle_Line": 9,
    "Libelle_station": "Franklin D. Roosevelt",
    "Longitude": 2.309488192337112,
    "Latitude": 48.868724887050476,
    "finish": 1,
    "Commune_nom": "Paris 8ème",
    "Commune_code_Insee": 75108
  },
  {
    "ID Line": 24,
    "Libelle_Line": 9,
    "Libelle_station": "Saint-Philippe du Roule",
    "Longitude": 2.310137205687824,
    "Latitude": 48.872155130129364,
    "finish": 1,
    "Commune_nom": "Paris 8ème",
    "Commune_code_Insee": 75108
  },
  {
    "ID Line": 24,
    "Libelle_Line": 9,
    "Libelle_station": "Miromesnil",
    "Longitude": 2.316010693121023,
    "Latitude": 48.87344791484716,
    "finish": 1,
    "Commune_nom": "Paris 8ème",
    "Commune_code_Insee": 75108
  },
  {
    "ID Line": 24,
    "Libelle_Line": 9,
    "Libelle_station": "Saint-Augustin",
    "Longitude": 2.321013597808599,
    "Latitude": 48.8745466119868,
    "finish": 1,
    "Commune_nom": "Paris 8ème",
    "Commune_code_Insee": 75108
  },
  {
    "ID Line": 24,
    "Libelle_Line": 9,
    "Libelle_station": "Havre-Caumartin",
    "Longitude": 2.327651103418781,
    "Latitude": 48.87366675099707,
    "finish": 1,
    "Commune_nom": "Paris 9ème",
    "Commune_code_Insee": 75109
  },
  {
    "ID Line": 24,
    "Libelle_Line": 9,
    "Libelle_station": "Chaussée d'Antin - La Fayette",
    "Longitude": 2.333738594408701,
    "Latitude": 48.873134204826634,
    "finish": 1,
    "Commune_nom": "Paris 9ème",
    "Commune_code_Insee": 75109
  },
  {
    "ID Line": 24,
    "Libelle_Line": 9,
    "Libelle_station": "Richelieu - Drouot",
    "Longitude": 2.33859122153854,
    "Latitude": 48.872135869369885,
    "finish": 1,
    "Commune_nom": "Paris 9ème",
    "Commune_code_Insee": 75109
  },
  {
    "ID Line": 24,
    "Libelle_Line": 9,
    "Libelle_station": "Grands Boulevards",
    "Longitude": 2.343207266405089,
    "Latitude": 48.87150476881465,
    "finish": 1,
    "Commune_nom": "Paris 9ème",
    "Commune_code_Insee": 75109
  },
  {
    "ID Line": 24,
    "Libelle_Line": 9,
    "Libelle_station": "Bonne Nouvelle",
    "Longitude": 2.3484813657183894,
    "Latitude": 48.870571298554935,
    "finish": 1,
    "Commune_nom": "Paris 2ème",
    "Commune_code_Insee": 75102
  },
  {
    "ID Line": 24,
    "Libelle_Line": 9,
    "Libelle_station": "Strasbourg - Saint-Denis",
    "Longitude": 2.354491616563833,
    "Latitude": 48.8696235816895,
    "finish": 1,
    "Commune_nom": "Paris 10ème",
    "Commune_code_Insee": 75110
  },
  {
    "ID Line": 24,
    "Libelle_Line": 9,
    "Libelle_station": "République",
    "Longitude": 2.363302340780453,
    "Latitude": 48.86751235686305,
    "finish": 1,
    "Commune_nom": "Paris 3ème",
    "Commune_code_Insee": 75103
  },
  {
    "ID Line": 24,
    "Libelle_Line": 9,
    "Libelle_station": "Oberkampf",
    "Longitude": 2.3681558453945506,
    "Latitude": 48.86477709757322,
    "finish": 1,
    "Commune_nom": "Paris 11ème",
    "Commune_code_Insee": 75111
  },
  {
    "ID Line": 24,
    "Libelle_Line": 9,
    "Libelle_station": "Saint-Ambroise",
    "Longitude": 2.373880538211547,
    "Latitude": 48.861416656961026,
    "finish": 1,
    "Commune_nom": "Paris 11ème",
    "Commune_code_Insee": 75111
  },
  {
    "ID Line": 24,
    "Libelle_Line": 9,
    "Libelle_station": "Voltaire",
    "Longitude": 2.3800316941488036,
    "Latitude": 48.85766243343786,
    "finish": 1,
    "Commune_nom": "Paris 11ème",
    "Commune_code_Insee": 75111
  },
  {
    "ID Line": 24,
    "Libelle_Line": 9,
    "Libelle_station": "Charonne",
    "Longitude": 2.384782396448888,
    "Latitude": 48.854939442500324,
    "finish": 1,
    "Commune_nom": "Paris 11ème",
    "Commune_code_Insee": 75111
  },
  {
    "ID Line": 24,
    "Libelle_Line": 9,
    "Libelle_station": "Rue des Boulets",
    "Longitude": 2.3891047050322425,
    "Latitude": 48.85221407238374,
    "finish": 1,
    "Commune_nom": "Paris 11ème",
    "Commune_code_Insee": 75111
  },
  {
    "ID Line": 24,
    "Libelle_Line": 9,
    "Libelle_station": "Nation",
    "Longitude": 2.395843988723737,
    "Latitude": 48.84808428902576,
    "finish": 1,
    "Commune_nom": "Paris 12ème",
    "Commune_code_Insee": 75112
  },
  {
    "ID Line": 24,
    "Libelle_Line": 9,
    "Libelle_station": "Buzenval",
    "Longitude": 2.401170769368412,
    "Latitude": 48.851762438884066,
    "finish": 1,
    "Commune_nom": "Paris 20ème",
    "Commune_code_Insee": 75120
  },
  {
    "ID Line": 24,
    "Libelle_Line": 9,
    "Libelle_station": "Maraîchers",
    "Longitude": 2.406038544798052,
    "Latitude": 48.8527310195318,
    "finish": 1,
    "Commune_nom": "Paris 20ème",
    "Commune_code_Insee": 75120
  },
  {
    "ID Line": 24,
    "Libelle_Line": 9,
    "Libelle_station": "Porte de Montreuil",
    "Longitude": 2.4107181540274945,
    "Latitude": 48.85348263025835,
    "finish": 1,
    "Commune_nom": "Paris 20ème",
    "Commune_code_Insee": 75120
  },
  {
    "ID Line": 25,
    "Libelle_Line": 10,
    "Libelle_station": "Gare d'Austerlitz",
    "Longitude": 2.3641773106918307,
    "Latitude": 48.843405408577155,
    "finish": 1,
    "Commune_nom": "Paris 5ème",
    "Commune_code_Insee": 75105
  },
  {
    "ID Line": 25,
    "Libelle_Line": 10,
    "Libelle_station": "Jussieu",
    "Longitude": 2.3549316718232247,
    "Latitude": 48.846197890688764,
    "finish": 1,
    "Commune_nom": "Paris 5ème",
    "Commune_code_Insee": 75105
  },
  {
    "ID Line": 25,
    "Libelle_Line": 10,
    "Libelle_station": "Cardinal Lemoine",
    "Longitude": 2.3513280016731755,
    "Latitude": 48.84670003431487,
    "finish": 1,
    "Commune_nom": "Paris 5ème",
    "Commune_code_Insee": 75105
  },
  {
    "ID Line": 25,
    "Libelle_Line": 10,
    "Libelle_station": "Maubert - Mutualité",
    "Longitude": 2.348280413169489,
    "Latitude": 48.850195465121296,
    "finish": 1,
    "Commune_nom": "Paris 5ème",
    "Commune_code_Insee": 75105
  },
  {
    "ID Line": 25,
    "Libelle_Line": 10,
    "Libelle_station": "Cluny - La Sorbonne",
    "Longitude": 2.3448963012120783,
    "Latitude": 48.85102687592628,
    "finish": 1,
    "Commune_nom": "Paris 5ème",
    "Commune_code_Insee": 75105
  },
  {
    "ID Line": 25,
    "Libelle_Line": 10,
    "Libelle_station": "Odéon",
    "Longitude": 2.340692291066523,
    "Latitude": 48.85202455356673,
    "finish": 1,
    "Commune_nom": "Paris 6ème",
    "Commune_code_Insee": 75106
  },
  {
    "ID Line": 25,
    "Libelle_Line": 10,
    "Libelle_station": "Mabillon",
    "Longitude": 2.335142819346475,
    "Latitude": 48.8528437373513,
    "finish": 1,
    "Commune_nom": "Paris 6ème",
    "Commune_code_Insee": 75106
  },
  {
    "ID Line": 25,
    "Libelle_Line": 10,
    "Libelle_station": "Sèvres - Babylone",
    "Longitude": 2.3268596631217364,
    "Latitude": 48.851565305443174,
    "finish": 1,
    "Commune_nom": "Paris 7ème",
    "Commune_code_Insee": 75107
  },
  {
    "ID Line": 25,
    "Libelle_Line": 10,
    "Libelle_station": "Vaneau",
    "Longitude": 2.321351242354735,
    "Latitude": 48.848894569110655,
    "finish": 1,
    "Commune_nom": "Paris 7ème",
    "Commune_code_Insee": 75107
  },
  {
    "ID Line": 25,
    "Libelle_Line": 10,
    "Libelle_station": "Duroc",
    "Longitude": 2.316521219456521,
    "Latitude": 48.84700989266375,
    "finish": 1,
    "Commune_nom": "Paris 7ème",
    "Commune_code_Insee": 75107
  },
  {
    "ID Line": 25,
    "Libelle_Line": 10,
    "Libelle_station": "Ségur",
    "Longitude": 2.3071378494033836,
    "Latitude": 48.84716726904679,
    "finish": 1,
    "Commune_nom": "Paris 15ème",
    "Commune_code_Insee": 75115
  },
  {
    "ID Line": 25,
    "Libelle_Line": 10,
    "Libelle_station": "La Motte-Picquet - Grenelle",
    "Longitude": 2.2985257262366354,
    "Latitude": 48.8496308034842,
    "finish": 1,
    "Commune_nom": "Paris 15ème",
    "Commune_code_Insee": 75115
  },
  {
    "ID Line": 25,
    "Libelle_Line": 10,
    "Libelle_station": "Avenue Émile Zola",
    "Longitude": 2.2950189971435497,
    "Latitude": 48.847038012756926,
    "finish": 1,
    "Commune_nom": "Paris 15ème",
    "Commune_code_Insee": 75115
  },
  {
    "ID Line": 25,
    "Libelle_Line": 10,
    "Libelle_station": "Charles Michels",
    "Longitude": 2.2856210133667165,
    "Latitude": 48.84660453144916,
    "finish": 1,
    "Commune_nom": "Paris 15ème",
    "Commune_code_Insee": 75115
  },
  {
    "ID Line": 25,
    "Libelle_Line": 10,
    "Libelle_station": "Javel - André Citroën",
    "Longitude": 2.278009496527358,
    "Latitude": 48.846181105274994,
    "finish": 1,
    "Commune_nom": "Paris 15ème",
    "Commune_code_Insee": 75115
  },
  {
    "ID Line": 25,
    "Libelle_Line": 10,
    "Libelle_station": "Église d'Auteuil",
    "Longitude": 2.269111389021891,
    "Latitude": 48.84714336050894,
    "finish": 1,
    "Commune_nom": "Paris 16ème",
    "Commune_code_Insee": 75116
  },
  {
    "ID Line": 25,
    "Libelle_Line": 10,
    "Libelle_station": "Michel-Ange - Auteuil",
    "Longitude": 2.2639895253333284,
    "Latitude": 48.84797535322806,
    "finish": 1,
    "Commune_nom": "Paris 16ème",
    "Commune_code_Insee": 75116
  },
  {
    "ID Line": 25,
    "Libelle_Line": 10,
    "Libelle_station": "Porte d'Auteuil",
    "Longitude": 2.2582807445955355,
    "Latitude": 48.84790412268101,
    "finish": 1,
    "Commune_nom": "Paris 16ème",
    "Commune_code_Insee": 75116
  },
  {
    "ID Line": 26,
    "Libelle_Line": 10,
    "Libelle_station": "Michel-Ange - Molitor",
    "Longitude": 2.2615119169052043,
    "Latitude": 48.84491122661504,
    "finish": 1,
    "Commune_nom": "Paris 16ème",
    "Commune_code_Insee": 75116
  },
  {
    "ID Line": 26,
    "Libelle_Line": 10,
    "Libelle_station": "Chardon Lagache",
    "Longitude": 2.266905475940289,
    "Latitude": 48.845088298230586,
    "finish": 1,
    "Commune_nom": "Paris 16ème",
    "Commune_code_Insee": 75116
  },
  {
    "ID Line": 26,
    "Libelle_Line": 10,
    "Libelle_station": "Mirabeau",
    "Longitude": 2.2730641263728324,
    "Latitude": 48.84707750639776,
    "finish": 1,
    "Commune_nom": "Paris 16ème",
    "Commune_code_Insee": 75116
  },
  {
    "ID Line": 27,
    "Libelle_Line": 11,
    "Libelle_station": "Châtelet",
    "Longitude": 2.3481609912345767,
    "Latitude": 48.856953459837165,
    "finish": 1,
    "Commune_nom": "Paris 4ème",
    "Commune_code_Insee": 75104
  },
  {
    "ID Line": 27,
    "Libelle_Line": 11,
    "Libelle_station": "Hôtel de Ville",
    "Longitude": 2.3520676701390992,
    "Latitude": 48.857352404237716,
    "finish": 1,
    "Commune_nom": "Paris 4ème",
    "Commune_code_Insee": 75104
  },
  {
    "ID Line": 27,
    "Libelle_Line": 11,
    "Libelle_station": "Rambuteau",
    "Longitude": 2.3532739485947705,
    "Latitude": 48.861190156002216,
    "finish": 1,
    "Commune_nom": "Paris 4ème",
    "Commune_code_Insee": 75104
  },
  {
    "ID Line": 27,
    "Libelle_Line": 11,
    "Libelle_station": "Arts et Métiers",
    "Longitude": 2.3565081436435453,
    "Latitude": 48.865299611696805,
    "finish": 1,
    "Commune_nom": "Paris 3ème",
    "Commune_code_Insee": 75103
  },
  {
    "ID Line": 27,
    "Libelle_Line": 11,
    "Libelle_station": "République",
    "Longitude": 2.363302340780453,
    "Latitude": 48.86751235686305,
    "finish": 1,
    "Commune_nom": "Paris 3ème",
    "Commune_code_Insee": 75103
  },
  {
    "ID Line": 27,
    "Libelle_Line": 11,
    "Libelle_station": "Goncourt",
    "Longitude": 2.370764434748399,
    "Latitude": 48.870007016890526,
    "finish": 1,
    "Commune_nom": "Paris 10ème",
    "Commune_code_Insee": 75110
  },
  {
    "ID Line": 27,
    "Libelle_Line": 11,
    "Libelle_station": "Belleville",
    "Longitude": 2.3767355865572877,
    "Latitude": 48.872286601164795,
    "finish": 1,
    "Commune_nom": "Paris 19ème",
    "Commune_code_Insee": 75119
  },
  {
    "ID Line": 27,
    "Libelle_Line": 11,
    "Libelle_station": "Pyrénées",
    "Longitude": 2.3852029155695305,
    "Latitude": 48.873818789232516,
    "finish": 1,
    "Commune_nom": "Paris 20ème",
    "Commune_code_Insee": 75120
  },
  {
    "ID Line": 27,
    "Libelle_Line": 11,
    "Libelle_station": "Jourdain",
    "Longitude": 2.3893253789100948,
    "Latitude": 48.875247347693374,
    "finish": 1,
    "Commune_nom": "Paris 19ème",
    "Commune_code_Insee": 75119
  },
  {
    "ID Line": 27,
    "Libelle_Line": 11,
    "Libelle_station": "Place des Fêtes",
    "Longitude": 2.3931393703604957,
    "Latitude": 48.876723661025224,
    "finish": 1,
    "Commune_nom": "Paris 19ème",
    "Commune_code_Insee": 75119
  },
  {
    "ID Line": 27,
    "Libelle_Line": 11,
    "Libelle_station": "Télégraphe",
    "Longitude": 2.398648089960593,
    "Latitude": 48.87551038323271,
    "finish": 1,
    "Commune_nom": "Paris 19ème",
    "Commune_code_Insee": 75119
  },
  {
    "ID Line": 27,
    "Libelle_Line": 11,
    "Libelle_station": "Porte des Lilas",
    "Longitude": 2.4070619733807948,
    "Latitude": 48.876568598079956,
    "finish": 1,
    "Commune_nom": "Paris 20ème",
    "Commune_code_Insee": 75120
  },
  {
    "ID Line": 28,
    "Libelle_Line": 12,
    "Libelle_station": "Porte de la Chapelle",
    "Longitude": 2.3592485423103606,
    "Latitude": 48.897402421722504,
    "finish": 1,
    "Commune_nom": "Paris 18ème",
    "Commune_code_Insee": 75118
  },
  {
    "ID Line": 28,
    "Libelle_Line": 12,
    "Libelle_station": "Marx Dormoy",
    "Longitude": 2.359808478084023,
    "Latitude": 48.890579577619285,
    "finish": 1,
    "Commune_nom": "Paris 18ème",
    "Commune_code_Insee": 75118
  },
  {
    "ID Line": 28,
    "Libelle_Line": 12,
    "Libelle_station": "Marcadet - Poissonniers",
    "Longitude": 2.349681541722476,
    "Latitude": 48.89128043889656,
    "finish": 1,
    "Commune_nom": "Paris 18ème",
    "Commune_code_Insee": 75118
  },
  {
    "ID Line": 28,
    "Libelle_Line": 12,
    "Libelle_station": "Jules Joffrin",
    "Longitude": 2.3443200293804813,
    "Latitude": 48.892492267254006,
    "finish": 1,
    "Commune_nom": "Paris 18ème",
    "Commune_code_Insee": 75118
  },
  {
    "ID Line": 28,
    "Libelle_Line": 12,
    "Libelle_station": "Lamarck - Caulaincourt",
    "Longitude": 2.338583824383193,
    "Latitude": 48.88968180901888,
    "finish": 1,
    "Commune_nom": "Paris 18ème",
    "Commune_code_Insee": 75118
  },
  {
    "ID Line": 28,
    "Libelle_Line": 12,
    "Libelle_station": "Abbesses",
    "Longitude": 2.338394635220906,
    "Latitude": 48.884392717043454,
    "finish": 1,
    "Commune_nom": "Paris 18ème",
    "Commune_code_Insee": 75118
  },
  {
    "ID Line": 28,
    "Libelle_Line": 12,
    "Libelle_station": "Pigalle",
    "Longitude": 2.3372111647011273,
    "Latitude": 48.882020931119335,
    "finish": 1,
    "Commune_nom": "Paris 9ème",
    "Commune_code_Insee": 75109
  },
  {
    "ID Line": 28,
    "Libelle_Line": 12,
    "Libelle_station": "Saint-Georges",
    "Longitude": 2.3375706403796688,
    "Latitude": 48.8784165939537,
    "finish": 1,
    "Commune_nom": "Paris 9ème",
    "Commune_code_Insee": 75109
  },
  {
    "ID Line": 28,
    "Libelle_Line": 12,
    "Libelle_station": "Notre-Dame-de-Lorette",
    "Longitude": 2.3378736192226373,
    "Latitude": 48.876035030332574,
    "finish": 1,
    "Commune_nom": "Paris 9ème",
    "Commune_code_Insee": 75109
  },
  {
    "ID Line": 28,
    "Libelle_Line": 12,
    "Libelle_station": "Trinité - d'Estienne d'Orves",
    "Longitude": 2.333049172418235,
    "Latitude": 48.87633650635933,
    "finish": 1,
    "Commune_nom": "Paris 9ème",
    "Commune_code_Insee": 75109
  },
  {
    "ID Line": 28,
    "Libelle_Line": 12,
    "Libelle_station": "Saint-Lazare",
    "Longitude": 2.3254883906726116,
    "Latitude": 48.87538131505992,
    "finish": 1,
    "Commune_nom": "Paris 8ème",
    "Commune_code_Insee": 75108
  },
  {
    "ID Line": 28,
    "Libelle_Line": 12,
    "Libelle_station": "Madeleine",
    "Longitude": 2.3258100487932767,
    "Latitude": 48.87054467576818,
    "finish": 1,
    "Commune_nom": "Paris 8ème",
    "Commune_code_Insee": 75108
  },
  {
    "ID Line": 28,
    "Libelle_Line": 12,
    "Libelle_station": "Concorde",
    "Longitude": 2.3229614457982586,
    "Latitude": 48.866557992001624,
    "finish": 1,
    "Commune_nom": "Paris 8ème",
    "Commune_code_Insee": 75108
  },
  {
    "ID Line": 28,
    "Libelle_Line": 12,
    "Libelle_station": "Assemblée Nationale",
    "Longitude": 2.3205758366475546,
    "Latitude": 48.86107193857794,
    "finish": 1,
    "Commune_nom": "Paris 7ème",
    "Commune_code_Insee": 75107
  },
  {
    "ID Line": 28,
    "Libelle_Line": 12,
    "Libelle_station": "Solférino",
    "Longitude": 2.323075964251541,
    "Latitude": 48.85853194878038,
    "finish": 1,
    "Commune_nom": "Paris 7ème",
    "Commune_code_Insee": 75107
  },
  {
    "ID Line": 28,
    "Libelle_Line": 12,
    "Libelle_station": "Rue du Bac",
    "Longitude": 2.325699898452411,
    "Latitude": 48.85588467753727,
    "finish": 1,
    "Commune_nom": "Paris 7ème",
    "Commune_code_Insee": 75107
  },
  {
    "ID Line": 28,
    "Libelle_Line": 12,
    "Libelle_station": "Sèvres - Babylone",
    "Longitude": 2.3268596631217364,
    "Latitude": 48.851565305443174,
    "finish": 1,
    "Commune_nom": "Paris 7ème",
    "Commune_code_Insee": 75107
  },
  {
    "ID Line": 28,
    "Libelle_Line": 12,
    "Libelle_station": "Rennes",
    "Longitude": 2.3277871847873866,
    "Latitude": 48.848332828092396,
    "finish": 1,
    "Commune_nom": "Paris 6ème",
    "Commune_code_Insee": 75106
  },
  {
    "ID Line": 28,
    "Libelle_Line": 12,
    "Libelle_station": "Notre-Dame des Champs",
    "Longitude": 2.3286958054987066,
    "Latitude": 48.84507774468957,
    "finish": 1,
    "Commune_nom": "Paris 6ème",
    "Commune_code_Insee": 75106
  },
  {
    "ID Line": 28,
    "Libelle_Line": 12,
    "Libelle_station": "Montparnasse Bienvenue",
    "Longitude": 2.3239891852050025,
    "Latitude": 48.84382361030622,
    "finish": 1,
    "Commune_nom": "Paris 15ème",
    "Commune_code_Insee": 75115
  },
  {
    "ID Line": 28,
    "Libelle_Line": 12,
    "Libelle_station": "Falguière",
    "Longitude": 2.3175512356170267,
    "Latitude": 48.84431768258609,
    "finish": 1,
    "Commune_nom": "Paris 15ème",
    "Commune_code_Insee": 75115
  },
  {
    "ID Line": 28,
    "Libelle_Line": 12,
    "Libelle_station": "Pasteur",
    "Longitude": 2.312914680473939,
    "Latitude": 48.842528386594964,
    "finish": 1,
    "Commune_nom": "Paris 15ème",
    "Commune_code_Insee": 75115
  },
  {
    "ID Line": 28,
    "Libelle_Line": 12,
    "Libelle_station": "Volontaires",
    "Longitude": 2.3079833805768506,
    "Latitude": 48.84141172746672,
    "finish": 1,
    "Commune_nom": "Paris 15ème",
    "Commune_code_Insee": 75115
  },
  {
    "ID Line": 28,
    "Libelle_Line": 12,
    "Libelle_station": "Vaugirard",
    "Longitude": 2.3010745156545447,
    "Latitude": 48.83943791712863,
    "finish": 1,
    "Commune_nom": "Paris 15ème",
    "Commune_code_Insee": 75115
  },
  {
    "ID Line": 28,
    "Libelle_Line": 12,
    "Libelle_station": "Convention",
    "Longitude": 2.2963913864809165,
    "Latitude": 48.837135052856674,
    "finish": 1,
    "Commune_nom": "Paris 15ème",
    "Commune_code_Insee": 75115
  },
  {
    "ID Line": 28,
    "Libelle_Line": 12,
    "Libelle_station": "Porte de Versailles",
    "Longitude": 2.2877417091423338,
    "Latitude": 48.83251953156517,
    "finish": 1,
    "Commune_nom": "Paris 15ème",
    "Commune_code_Insee": 75115
  },
  {
    "ID Line": 29,
    "Libelle_Line": 13,
    "Libelle_station": "Porte de Vanves",
    "Longitude": 2.3053323866574726,
    "Latitude": 48.82761346305592,
    "finish": 1,
    "Commune_nom": "Paris 14ème",
    "Commune_code_Insee": 75114
  },
  {
    "ID Line": 29,
    "Libelle_Line": 13,
    "Libelle_station": "Plaisance",
    "Longitude": 2.313860489344305,
    "Latitude": 48.83175036211914,
    "finish": 1,
    "Commune_nom": "Paris 14ème",
    "Commune_code_Insee": 75114
  },
  {
    "ID Line": 29,
    "Libelle_Line": 13,
    "Libelle_station": "Pernety",
    "Longitude": 2.3183937066147005,
    "Latitude": 48.83407867882665,
    "finish": 1,
    "Commune_nom": "Paris 14ème",
    "Commune_code_Insee": 75114
  },
  {
    "ID Line": 29,
    "Libelle_Line": 13,
    "Libelle_station": "Gaîté",
    "Longitude": 2.322353996778806,
    "Latitude": 48.83852608407424,
    "finish": 1,
    "Commune_nom": "Paris 14ème",
    "Commune_code_Insee": 75114
  },
  {
    "ID Line": 29,
    "Libelle_Line": 13,
    "Libelle_station": "Montparnasse Bienvenue",
    "Longitude": 2.3239891852050025,
    "Latitude": 48.84382361030622,
    "finish": 1,
    "Commune_nom": "Paris 15ème",
    "Commune_code_Insee": 75115
  },
  {
    "ID Line": 29,
    "Libelle_Line": 13,
    "Libelle_station": "Duroc",
    "Longitude": 2.316521219456521,
    "Latitude": 48.84700989266375,
    "finish": 1,
    "Commune_nom": "Paris 7ème",
    "Commune_code_Insee": 75107
  },
  {
    "ID Line": 29,
    "Libelle_Line": 13,
    "Libelle_station": "Saint-François-Xavier",
    "Longitude": 2.314285946180555,
    "Latitude": 48.85129154999027,
    "finish": 1,
    "Commune_nom": "Paris 7ème",
    "Commune_code_Insee": 75107
  },
  {
    "ID Line": 29,
    "Libelle_Line": 13,
    "Libelle_station": "Varenne",
    "Longitude": 2.3151139305096557,
    "Latitude": 48.856624981798376,
    "finish": 1,
    "Commune_nom": "Paris 7ème",
    "Commune_code_Insee": 75107
  },
  {
    "ID Line": 29,
    "Libelle_Line": 13,
    "Libelle_station": "Invalides",
    "Longitude": 2.314632660444516,
    "Latitude": 48.86109201043299,
    "finish": 1,
    "Commune_nom": "Paris 7ème",
    "Commune_code_Insee": 75107
  },
  {
    "ID Line": 29,
    "Libelle_Line": 13,
    "Libelle_station": "Champs-Élysées - Clemenceau",
    "Longitude": 2.31446450132278,
    "Latitude": 48.86765629124574,
    "finish": 1,
    "Commune_nom": "Paris 8ème",
    "Commune_code_Insee": 75108
  },
  {
    "ID Line": 29,
    "Libelle_Line": 13,
    "Libelle_station": "Miromesnil",
    "Longitude": 2.316010693121023,
    "Latitude": 48.87344791484716,
    "finish": 1,
    "Commune_nom": "Paris 8ème",
    "Commune_code_Insee": 75108
  },
  {
    "ID Line": 29,
    "Libelle_Line": 13,
    "Libelle_station": "Saint-Lazare",
    "Longitude": 2.3254883906726116,
    "Latitude": 48.87538131505992,
    "finish": 1,
    "Commune_nom": "Paris 8ème",
    "Commune_code_Insee": 75108
  },
  {
    "ID Line": 29,
    "Libelle_Line": 13,
    "Libelle_station": "Liège",
    "Longitude": 2.3268526712397546,
    "Latitude": 48.87953493642774,
    "finish": 1,
    "Commune_nom": "Paris 8ème",
    "Commune_code_Insee": 75108
  },
  {
    "ID Line": 29,
    "Libelle_Line": 13,
    "Libelle_station": "Place de Clichy",
    "Longitude": 2.327958328010219,
    "Latitude": 48.88366908732468,
    "finish": 1,
    "Commune_nom": "Paris 18ème",
    "Commune_code_Insee": 75118
  },
  {
    "ID Line": 29,
    "Libelle_Line": 13,
    "Libelle_station": "La Fourche",
    "Longitude": 2.3257141171661346,
    "Latitude": 48.88743365578895,
    "finish": 1,
    "Commune_nom": "Paris 18ème",
    "Commune_code_Insee": 75118
  },
  {
    "ID Line": 29,
    "Libelle_Line": 13,
    "Libelle_station": "Guy Môquet",
    "Longitude": 2.3274832586261254,
    "Latitude": 48.89300144101368,
    "finish": 1,
    "Commune_nom": "Paris 18ème",
    "Commune_code_Insee": 75118
  },
  {
    "ID Line": 29,
    "Libelle_Line": 13,
    "Libelle_station": "Porte de Saint-Ouen",
    "Longitude": 2.329048340744649,
    "Latitude": 48.89749783637955,
    "finish": 1,
    "Commune_nom": "Paris 18ème",
    "Commune_code_Insee": 75118
  },
  {
    "ID Line": 30,
    "Libelle_Line": 13,
    "Libelle_station": "La Fourche",
    "Longitude": 2.3257141171661346,
    "Latitude": 48.88743365578895,
    "finish": 1,
    "Commune_nom": "Paris 18ème",
    "Commune_code_Insee": 75118
  },
  {
    "ID Line": 30,
    "Libelle_Line": 13,
    "Libelle_station": "Brochant",
    "Longitude": 2.3199048172093653,
    "Latitude": 48.8906518702421,
    "finish": 1,
    "Commune_nom": "Paris 17ème",
    "Commune_code_Insee": 75117
  },
  {
    "ID Line": 30,
    "Libelle_Line": 13,
    "Libelle_station": "Porte de Clichy",
    "Longitude": 2.3132083507588095,
    "Latitude": 48.894431287069544,
    "finish": 1,
    "Commune_nom": "Paris 17ème",
    "Commune_code_Insee": 75117
  },
  {
    "ID Line": 31,
    "Libelle_Line": 14,
    "Libelle_station": "Porte de Clichy",
    "Longitude": 2.3132083507588095,
    "Latitude": 48.894431287069544,
    "finish": 1,
    "Commune_nom": "Paris 17ème",
    "Commune_code_Insee": 75117
  },
  {
    "ID Line": 31,
    "Libelle_Line": 14,
    "Libelle_station": "Pont Cardinet",
    "Longitude": 2.3153681405051523,
    "Latitude": 48.888103402695,
    "finish": 1,
    "Commune_nom": "Paris 17ème",
    "Commune_code_Insee": 75117
  },
  {
    "ID Line": 31,
    "Libelle_Line": 14,
    "Libelle_station": "Saint-Lazare",
    "Longitude": 2.3254883906726116,
    "Latitude": 48.87538131505992,
    "finish": 1,
    "Commune_nom": "Paris 8ème",
    "Commune_code_Insee": 75108
  },
  {
    "ID Line": 31,
    "Libelle_Line": 14,
    "Libelle_station": "Madeleine",
    "Longitude": 2.3258100487932767,
    "Latitude": 48.87054467576818,
    "finish": 1,
    "Commune_nom": "Paris 8ème",
    "Commune_code_Insee": 75108
  },
  {
    "ID Line": 31,
    "Libelle_Line": 14,
    "Libelle_station": "Pyramides",
    "Longitude": 2.3346236060049224,
    "Latitude": 48.86575552642865,
    "finish": 1,
    "Commune_nom": "Paris 1er",
    "Commune_code_Insee": 75101
  },
  {
    "ID Line": 31,
    "Libelle_Line": 14,
    "Libelle_station": "Châtelet",
    "Longitude": 2.3481609912345767,
    "Latitude": 48.856953459837165,
    "finish": 1,
    "Commune_nom": "Paris 4ème",
    "Commune_code_Insee": 75104
  },
  {
    "ID Line": 31,
    "Libelle_Line": 14,
    "Libelle_station": "Gare de Lyon",
    "Longitude": 2.373156593789204,
    "Latitude": 48.845683205787566,
    "finish": 1,
    "Commune_nom": "Paris 12ème",
    "Commune_code_Insee": 75112
  },
  {
    "ID Line": 31,
    "Libelle_Line": 14,
    "Libelle_station": "Bercy",
    "Longitude": 2.379463070185256,
    "Latitude": 48.84017602717362,
    "finish": 1,
    "Commune_nom": "Paris 12ème",
    "Commune_code_Insee": 75112
  },
  {
    "ID Line": 31,
    "Libelle_Line": 14,
    "Libelle_station": "Cour Saint-Emilion",
    "Longitude": 2.386617850214057,
    "Latitude": 48.83331930289509,
    "finish": 1,
    "Commune_nom": "Paris 12ème",
    "Commune_code_Insee": 75112
  },
  {
    "ID Line": 31,
    "Libelle_Line": 14,
    "Libelle_station": "Bibliothèque François Mitterrand",
    "Longitude": 2.3764873711683,
    "Latitude": 48.82992576498057,
    "finish": 1,
    "Commune_nom": "Paris 13ème",
    "Commune_code_Insee": 75113
  },
  {
    "ID Line": 31,
    "Libelle_Line": 14,
    "Libelle_station": "Olympiades",
    "Longitude": 2.3669231215308066,
    "Latitude": 48.82712344048104,
    "finish": 1,
    "Commune_nom": "Paris 13ème",
    "Commune_code_Insee": 75113
  },
  {
    "ID Line": 35,
    "Libelle_Line": 14,
    "Libelle_station": "Olympiades",
    "Longitude": 2.3669231215308066,
    "Latitude": 48.82712344048104,
    "finish": 0,
    "Commune_nom": "Paris 13ème",
    "Commune_code_Insee": 75113
  },
  {
    "ID Line": 35,
    "Libelle_Line": 14,
    "Libelle_station": "Maison Blanche",
    "Longitude": 2.3584129461559384,
    "Latitude": 48.82214950512655,
    "finish": 0,
    "Commune_nom": "Paris 13ème",
    "Commune_code_Insee": 75113
  }
]