MoyennesPM2_5,MoyennesPM10,station,metro
11,19.0,Gare de Lyon,1
7.3,13.2,Daumesnil,6
18,33.7,Dugommier,6
6,18.0,Glacière,6
14.7,23.6,Louvre Rivoli,1
11.2,26.5,Place d'Italie - Italie 2,6
12.3,20.4,Gare de Bercy,6
11,19.0,Hôtel de Ville de Paris - 4ème Arrondissement,1
9.1,14.7,Palais Royal - Musée Du Louvre,1
7,12.0,Nationale,6
12,19.0,Châtelet,1
8.6,22.0,La Motte Picquet - Grenelle,6
5.2,13.0,Denfert Rochereau,6
4,12.0,Corvisart,6
10,18.0,Chevaleret,6
17.5,24.0,Saint-Paul (Le Marais),1
10.1,26.7,Sèvres Lecourbe,6
5,15.0,Saint-Jacques,6
6.3,14.0,Quai de la Gare,6
25.3,51.0,Reuilly Diderot,1
12.6,19.2,Tuileries,1
6.3,18.8,Edgar Quinet,6
8.4,16.0,Bastille,1
11.7,32.0,Cambronne,6
21.6,54.1,Pasteur,6
11.6,29.4,Raspail,6
103,256.0,Gare Montparnasse,6
