MoyennesPM2_5,MoyennesPM10,station,metro
4.4,15.5,Cluny La Sorbonne,10
5.2,17.2,Maubert Mutualité,10
4.0,25.9,La Motte Picquet - Grenelle,10
26.1,87.4,Mabillon,10
15.0,86.5,Invalides,8
2.7,8.8,Avenue \u00c9mile Zola,10
21.7,88.4,Jussieu,10
4.1,14.9,Opéra,10
3.9,16.5,Opéra,8
5.6,23.6,Vaneau,10
6.4,25.6,Grands Boulevards,8
5.7,13.3,Richelieu Drouot,8
18.5,74.8,Madeleine,8
42.7,273.0,Duroc,10
12.9,70.9,Concorde,8
18.2,99.8,La Tour Maubourg,8
5.6,16.6,Ségur,10
3.6,9.9,Sèvres Babylone,10
4.8,36.6,École Militaire,8
